tree	leaves	TruePhylo_dlc	Raxml_dlc	Raxml_rf	Raxml_maxrf	Treefix_dlc	Treefix_rf	Treefix_maxrf	Treefix_dinl	Treefix_p-val	Treefix_time	TruePhylo_nad	TruePhylo_dup	TruePhylo_lost	Raxml_nad	Raxml_dup	Raxml_lost	Treefix_nad	Treefix_dup	Treefix_lost
631	58	23	44	16	122	28	16	123	3.16808	0.170463	62.7146499157	0	15	8	3	18	24	0	18	10
264	49	19	30	12	102	18	4	99	5.81339	0.118224	57.000442028	0	11	8	2	11	18	0	11	7
611	47	16	37	12	98	16	0	93	6.0764	0.0647979	58.2310469151	0	11	5	4	12	21	0	11	5
229	46	20	44	22	101	24	12	97	2.96188	0.193277	109.130455017	0	18	2	3	20	22	0	19	5
290	44	22	28	10	91	21	4	89	0.682059	0.285331	43.291852951	0	13	9	1	13	15	0	13	8
86	42	15	29	10	87	14	2	84	3.31112	0.106499	26.3351371288	0	12	3	3	12	14	0	12	2
39	41	16	27	10	85	16	8	85	5.01057	0.0748234	34.2492661476	0	11	5	2	12	14	0	12	4
535	41	14	112	48	104	43	38	100	11.171	0.0726703	618.469274044	0	9	5	10	15	86	3	10	30
573	41	17	81	32	96	59	26	94	8.39728	0.0516359	778.250880003	0	8	9	7	10	63	1	12	46
856	41	16	39	16	88	18	6	84	1.84452	0.283651	107.318995953	0	10	6	3	12	27	0	11	7
51	38	20	35	10	79	17	10	80	2.80192	0.224272	35.376283884	0	10	10	3	11	21	0	10	7
234	38	17	23	8	78	18	4	77	0.726419	0.334252	23.5387001038	0	9	8	0	11	12	0	10	8
411	38	7	13	6	77	7	0	75	0.345151	0.448462	19.6228430271	0	6	1	1	6	7	0	6	1
479	38	22	52	22	85	33	20	85	6.23156	0.0555667	58.8303399086	0	11	11	4	14	35	1	13	19
510	38	12	12	0	74	12	0	75	-1.21796e-07	0.500067	19.8192279339	0	9	3	0	9	3	0	9	3
106	37	18	29	6	75	16	4	75	3.13351	0.123885	34.883384943	0	8	10	3	8	19	0	8	8
111	37	13	17	2	73	13	0	73	0.425816	0.324556	23.9809858799	0	8	5	1	8	9	0	8	5
280	37	9	36	16	80	8	2	74	4.07808	0.109935	23.1268970966	0	6	3	6	6	24	0	6	2
432	37	19	59	24	84	38	18	82	4.91382	0.0705814	553.123361826	0	10	9	7	12	47	2	12	24
521	37	13	26	10	77	17	8	77	6.63759	0.0515236	43.4859611988	0	6	7	2	7	18	1	7	9
669	37	14	31	10	77	13	4	75	4.73629	0.0936056	37.4463860989	0	10	4	4	10	18	0	10	3
733	37	16	20	2	73	14	4	75	2.02724	0.193997	28.0424129963	0	10	6	1	10	9	0	10	4
17	36	11	19	4	72	11	0	71	1.66376	0.265174	27.5439929962	0	9	2	2	9	9	0	9	2
47	36	14	18	2	71	12	4	73	5.1041	0.0674154	21.0270030499	0	9	5	1	9	9	0	9	3
210	36	15	24	6	73	14	2	72	2.91235	0.136071	26.900384903	0	10	5	2	10	12	0	10	4
513	36	11	34	16	78	11	0	71	2.36382	0.219979	34.6947960854	0	6	5	3	8	23	0	6	5
563	36	13	36	14	77	19	10	76	4.26024	0.100029	27.1264181137	0	8	5	5	9	22	1	9	9
781	36	12	28	12	76	12	2	72	1.79462	0.172357	41.8901321888	0	7	5	3	8	18	0	7	5
320	35	15	30	12	74	17	12	75	2.72814	0.231649	22.3802411556	0	7	8	1	10	21	0	8	9
336	35	16	25	4	70	15	2	70	5.96056	0.0764184	21.4122819901	0	9	7	2	9	14	0	9	6
347	35	13	31	12	74	12	2	70	1.69418	0.232013	26.0249319077	0	7	6	4	8	19	0	7	5
383	35	13	17	2	69	12	2	70	5.17092	0.0967501	22.5925221443	0	6	7	1	6	11	0	6	6
747	35	15	23	6	71	18	6	72	3.89266	0.117015	26.3961069584	0	8	7	1	9	14	0	9	9
159	34	13	21	8	70	15	8	71	3.11877	0.18787	25.6823987961	0	8	5	1	10	11	0	10	5
376	34	14	35	16	74	14	2	68	5.20293	0.131049	29.3895468712	0	7	7	3	9	24	0	7	7
847	34	8	17	6	69	8	0	67	1.82546	0.215118	32.9617919922	0	5	3	2	5	11	0	5	3
11	33	12	19	4	66	12	0	65	4.69889	0.112308	19.9094901085	0	8	4	1	9	9	0	8	4
144	33	10	19	6	67	10	0	65	1.14571	0.260343	21.6319761276	0	7	3	2	7	11	0	7	3
173	33	16	24	4	66	16	0	65	5.27489	0.0595271	21.5130209923	0	10	6	2	10	13	0	10	6
506	33	13	13	2	65	12	2	66	0.910253	0.259719	18.9635128975	0	8	5	0	8	6	0	8	4
705	33	13	13	0	64	13	0	65	-2.42854e-06	0.500461	16.714402914	0	6	7	0	6	8	0	6	7
853	33	6	18	6	67	6	0	65	1.75953	0.188355	34.2449700832	0	4	2	3	4	11	0	4	2
69	32	10	16	6	65	8	4	65	4.39568	0.115602	33.8014168739	0	6	4	1	7	8	0	6	2
369	32	7	7	0	62	7	0	63	-3.01028e-07	0.500144	15.160145998	0	5	2	0	5	2	0	5	2
565	32	11	20	6	65	11	0	63	1.09612	0.28296	20.7669391632	0	8	3	1	9	11	0	8	3
752	32	16	65	20	72	40	20	73	5.32469	0.0666921	368.771429062	0	9	7	2	16	47	0	14	26
771	32	12	17	8	66	12	6	66	1.54294	0.23665	21.1549081802	0	9	3	0	10	8	0	9	3
909	32	11	28	8	66	11	0	63	1.22086	0.374904	26.6615591049	0	7	4	4	7	18	0	7	4
954	32	14	41	16	70	13	4	65	4.77126	0.0777491	51.2296071053	0	7	7	5	7	32	0	6	7
966	32	12	17	4	64	12	0	63	2.75951	0.210087	16.4883830547	0	9	3	1	9	8	0	9	3
967	32	9	19	8	66	9	0	63	2.76666	0.159121	21.0081419945	0	8	1	2	8	10	0	8	1
131	31	10	22	6	63	10	0	61	1.76519	0.260818	19.9034540653	0	7	3	2	8	13	0	7	3
268	31	15	18	4	62	15	0	61	1.10252	0.338145	23.4709870815	0	8	7	0	8	11	0	8	7
298	31	10	13	8	64	9	6	64	0.490373	0.308501	17.6972699165	0	8	2	1	8	5	0	8	1
314	31	13	13	0	60	13	0	61	-0.00108455	0.508873	17.582365036	0	8	5	0	8	5	0	8	5
316	31	11	23	6	63	10	2	62	3.81862	0.197571	20.2277679443	0	5	6	3	5	16	0	5	5
354	31	12	36	12	66	10	4	63	7.39216	0.0603554	41.1759259701	0	7	5	5	7	25	0	7	3
623	31	11	11	0	60	11	0	61	-3.3013e-05	0.501387	15.565089941	0	5	6	0	5	7	0	5	6
750	31	11	25	10	65	11	6	64	6.01561	0.0889344	23.3883259296	0	6	5	2	7	17	0	7	4
780	31	11	19	4	62	11	0	61	0.0995775	0.47538	18.9532740116	0	7	4	2	7	10	0	7	4
878	31	12	31	16	68	11	6	64	4.76137	0.142326	39.0636310577	0	6	6	2	9	20	0	6	5
988	31	8	20	8	64	8	6	64	1.95212	0.266183	17.5302090645	0	5	3	2	6	12	0	6	2
80	30	11	15	2	59	11	0	59	0.884064	0.298274	23.1257212162	0	8	3	1	8	6	0	8	3
132	30	13	21	4	60	13	0	59	1.03211	0.24151	28.1611299515	0	8	5	2	8	12	0	8	5
301	30	15	26	10	63	14	4	61	5.75341	0.075861	25.3792569637	0	9	6	2	9	16	0	8	6
322	30	13	32	12	64	12	2	60	4.17304	0.156292	25.5216879845	0	7	6	3	8	21	0	7	5
435	30	8	13	4	60	8	0	59	1.75187	0.219738	17.7578890324	0	6	2	1	6	6	0	6	2
466	30	13	21	4	60	13	0	59	0.0556098	0.435347	21.2394139767	0	5	8	2	5	15	0	5	8
555	30	7	14	4	60	7	0	59	1.66274	0.198639	17.434014082	0	4	3	1	5	8	0	4	3
906	30	12	25	8	62	12	0	59	1.71598	0.242856	18.8940629959	0	7	5	3	7	16	0	7	5
194	29	13	21	6	59	17	4	59	0.371059	0.337496	22.747494936	0	6	7	1	7	15	0	7	10
283	29	10	13	4	58	10	4	59	0.784464	0.299182	15.1038761139	0	5	5	0	6	7	0	5	5
311	29	8	21	8	60	8	2	58	1.9777	0.251933	19.4231050014	0	6	2	3	6	12	0	6	2
359	29	13	17	2	57	13	0	57	-0.0456024	0.520574	19.7453348637	0	9	4	1	9	7	0	9	4
484	29	12	28	8	60	12	0	57	2.81179	0.135094	17.7156469822	0	8	4	3	9	16	0	8	4
498	29	11	18	8	60	11	0	57	1.64753	0.267594	23.2735650539	0	10	1	1	10	8	0	10	1
540	29	9	25	8	60	9	0	57	4.96838	0.0819514	19.1760959625	0	4	5	4	4	17	0	4	5
867	29	9	20	6	59	9	0	57	1.05362	0.247038	25.1206889153	0	7	2	2	8	11	0	7	2
26	28	6	15	6	57	8	4	57	1.65005	0.199508	14.7369251251	0	5	1	3	5	11	0	5	3
169	28	13	39	20	64	12	10	60	6.14446	0.132089	31.9599459171	0	6	7	5	6	32	0	7	5
177	28	12	24	6	57	12	0	55	-0.160135	0.513783	27.2984828949	0	8	4	2	9	14	0	8	4
222	28	10	19	8	58	11	8	59	1.78035	0.186478	28.512650013	0	5	5	2	6	12	0	6	5
250	28	9	9	2	55	7	4	57	4.20007	0.0863588	14.4116430283	0	6	3	0	6	3	0	6	1
270	28	11	19	4	56	11	0	55	0.803105	0.2884	18.1248011589	0	8	3	2	8	10	0	8	3
583	28	9	21	10	59	10	4	57	1.29503	0.317122	21.1489288807	0	7	2	2	8	11	0	8	2
882	28	8	54	24	66	19	20	65	6.93862	0.0918702	69.4353430271	0	6	2	10	6	41	1	6	12
894	28	18	22	4	56	14	2	56	0.16883	0.384323	21.9504878521	1	9	8	2	9	12	0	9	5
29	27	13	24	6	55	16	6	56	1.28905	0.226175	74.543102026	0	9	4	2	11	15	0	10	6
119	27	15	17	8	56	12	6	56	1.52504	0.209589	18.1206459999	0	9	6	1	9	8	0	9	3
163	27	12	16	2	53	12	0	53	0.214177	0.372194	19.5950698853	0	7	5	1	7	9	0	7	5
184	27	8	8	0	52	8	0	53	-7.72343e-09	0.500011	12.5217239857	0	5	3	0	5	3	0	5	3
254	27	8	12	2	53	8	0	53	5.80215	0.0771711	13.3106040955	0	7	1	2	7	7	0	7	1
327	27	6	21	10	57	5	2	54	1.47975	0.258298	16.3668210506	0	4	2	3	4	15	0	4	1
342	27	12	20	10	57	13	6	56	1.56128	0.204049	31.7736709118	0	8	4	1	9	12	0	9	4
500	27	16	16	0	52	16	0	53	-2.03989e-07	0.500087	18.2685539722	0	10	6	0	10	6	0	10	6
592	27	8	25	8	56	8	0	53	1.27285	0.319933	18.2334229946	0	6	2	4	6	15	0	6	2
621	27	11	11	0	52	11	0	53	-1.09681e-05	0.500887	13.8846259117	0	4	7	0	4	7	0	4	7
640	27	8	9	8	56	8	6	56	0.611118	0.296421	20.1271529198	0	8	0	0	8	1	0	8	0
644	27	10	15	4	54	10	0	53	3.26087	0.174641	17.2338120937	0	6	4	0	7	8	0	6	4
719	27	9	9	0	52	9	0	53	-1.07826e-07	0.500186	12.5061168671	0	6	3	1	6	6	0	6	3
779	27	10	30	12	58	10	2	54	2.24338	0.205747	69.748344183	0	9	1	4	9	16	0	9	1
979	27	12	39	14	59	16	8	57	7.36128	0.059311	65.1737191677	0	8	4	5	9	30	0	9	7
998	27	14	18	2	53	13	2	54	3.70364	0.0963153	16.3837480545	0	7	7	1	7	11	0	7	6
56	26	7	16	8	54	7	0	51	1.04681	0.390146	17.3068978786	0	5	2	2	6	13	0	5	2
87	26	7	48	24	62	13	16	59	8.39118	0.0751257	277.011905909	0	4	3	6	5	43	1	5	7
120	26	12	19	4	52	12	0	51	0.249508	0.426358	16.8497819901	0	7	5	1	8	10	0	7	5
129	26	12	16	2	51	12	0	51	0.329972	0.416684	14.029309988	0	4	8	1	4	12	0	4	8
180	26	8	20	6	53	8	0	51	5.46464	0.0862296	16.9144518375	0	5	3	2	5	13	0	5	3
337	26	10	23	6	53	10	0	51	1.09765	0.396679	26.2474050522	0	9	1	4	9	14	0	9	1
399	26	9	16	4	52	8	2	52	2.27889	0.201428	14.231388092	0	6	3	1	6	9	0	6	2
457	26	9	31	16	58	9	4	53	3.86317	0.0928732	34.2704510689	0	9	0	5	9	17	0	9	0
527	26	14	14	0	50	10	4	53	5.83058	0.0971584	19.4936769009	1	6	7	1	6	7	0	6	4
569	26	11	23	6	53	11	0	51	1.73826	0.207771	19.2292859554	0	6	5	3	6	14	0	6	5
625	26	12	20	4	52	12	0	51	0.23245	0.365797	17.2252120972	0	8	4	2	8	11	0	8	4
648	26	12	17	4	52	12	0	51	0.83146	0.290105	16.7398700714	0	7	5	1	7	9	0	7	5
659	26	10	23	6	53	10	0	51	1.65763	0.353323	22.1963169575	0	6	4	3	6	15	0	6	4
830	26	9	18	8	54	9	0	51	1.99882	0.22179	24.837100029	0	6	3	2	7	13	0	6	3
874	26	10	15	4	52	10	0	51	1.24159	0.224419	15.7852799892	0	5	5	1	5	10	0	5	5
899	26	8	8	0	50	8	0	51	-2.20588e-06	0.500353	13.5775849819	0	7	1	0	7	1	0	7	1
947	26	12	17	2	51	12	0	51	0.204045	0.4018	16.0588080883	0	6	6	1	6	11	0	6	6
70	25	5	13	10	53	6	2	50	5.63323	0.064932	14.7743561268	0	5	0	1	5	7	0	5	1
128	25	5	6	2	49	5	0	49	0.0827104	0.421946	17.4897530079	0	4	1	0	4	2	0	4	1
142	25	11	15	2	49	10	2	50	2.05008	0.156674	15.1706659794	0	9	2	1	10	7	0	9	1
145	25	11	23	6	51	11	0	49	0.976547	0.256768	16.4946291447	0	6	5	3	6	14	0	6	5
162	25	11	28	12	54	11	0	49	2.27314	0.191007	29.640335083	0	7	4	3	8	18	0	7	4
164	25	8	16	4	50	8	0	49	2.77914	0.127676	18.6821789742	0	4	4	2	4	11	0	4	4
172	25	7	20	6	51	7	0	49	1.32227	0.277601	20.9767160416	0	5	2	3	5	12	0	5	2
300	25	7	7	0	48	7	0	49	-1.2028e-06	0.500323	11.9864199162	0	5	2	0	5	2	0	5	2
333	25	11	19	4	50	11	0	49	0.0782561	0.422277	17.0756831169	0	6	5	2	6	12	0	6	5
406	25	5	23	10	53	6	4	51	6.14598	0.0542719	13.4841778278	0	4	1	3	5	15	0	5	1
427	25	12	21	8	52	13	12	55	7.97789	0.0552667	23.0493381023	0	7	5	1	8	13	0	8	5
452	25	11	26	10	53	13	8	53	8.22996	0.0553064	50.6574771404	0	7	4	2	9	15	0	8	5
465	25	11	15	2	49	10	2	50	3.0431	0.120439	14.3607950211	0	5	6	1	5	9	0	5	5
487	25	11	17	4	50	11	0	49	1.86701	0.186061	20.4640908241	0	6	5	2	6	12	0	6	5
516	25	8	16	4	50	8	0	49	1.06011	0.314003	15.5932888985	0	5	3	2	5	10	0	5	3
534	25	9	9	0	48	7	4	51	4.9646	0.129807	12.7011671066	0	5	4	0	5	4	0	5	2
579	25	7	12	4	50	7	0	49	0.018574	0.463245	12.1931860447	0	4	3	1	4	7	0	4	3
635	25	10	16	4	50	10	0	49	0.48248	0.370839	14.2009820938	0	6	4	1	6	10	0	6	4
807	25	8	8	0	48	8	0	49	-2.71274e-06	0.500518	11.8786301613	0	3	5	0	3	6	0	3	5
845	25	10	14	2	49	10	0	49	0.11052	0.44547	18.1475589275	0	7	3	1	7	6	0	7	3
871	25	8	19	6	51	8	0	49	3.3327	0.126572	16.2361578941	0	4	4	2	5	13	0	4	4
948	25	8	16	4	50	8	0	49	0.272288	0.452036	17.9155991077	0	5	3	2	5	10	0	5	3
952	25	14	21	4	50	14	4	51	4.80485	0.0816069	20.9417140484	0	9	5	1	10	11	0	9	5
978	25	8	16	6	51	11	4	51	1.62731	0.21413	15.0677938461	0	6	2	1	6	9	0	6	5
15	24	12	21	4	48	11	2	48	1.09481	0.292544	15.2923009396	0	6	6	2	6	14	0	6	5
60	24	9	13	4	48	8	2	48	0.027388	0.466863	12.4491782188	0	4	5	1	4	9	0	4	4
100	24	10	35	12	52	8	4	49	6.73689	0.0528486	43.013228178	0	7	3	5	8	23	0	7	1
101	24	7	16	6	49	7	0	47	0.43802	0.37666	12.241795063	0	2	5	2	2	13	0	2	5
115	24	5	18	6	49	5	0	47	0.638164	0.370312	12.7579381466	0	3	2	3	3	13	0	3	2
148	24	14	27	8	50	17	6	50	6.24618	0.0917873	40.2662160397	0	8	6	1	10	17	0	9	8
149	24	15	29	8	50	15	0	47	2.70932	0.20329	23.3199930191	0	7	8	3	7	21	0	7	8
244	24	15	23	6	49	15	4	49	3.1059	0.143007	59.1722519398	0	10	5	1	11	11	0	10	5
319	24	4	12	4	48	4	0	47	2.80919	0.128865	21.2104110718	0	3	1	2	3	8	0	3	1
331	24	10	23	10	51	9	2	48	2.03691	0.263093	26.4985191822	0	8	2	3	8	12	0	8	1
332	24	5	14	6	49	5	0	47	1.05376	0.243332	14.2990689278	0	4	1	2	4	8	0	4	1
368	24	14	26	6	49	14	0	47	0.20747	0.431539	14.8528661728	0	8	6	3	8	16	0	8	6
370	24	13	24	8	50	13	8	51	2.58945	0.161236	57.1256000996	0	9	4	1	10	13	0	9	4
375	24	8	8	2	47	8	2	48	-5.99097e-06	0.50067	11.5540759563	0	6	2	0	6	2	0	6	2
451	24	7	11	2	47	7	0	47	1.00035	0.249942	11.5710401535	0	4	3	1	4	7	0	4	3
491	24	9	17	8	50	10	4	49	1.01634	0.34977	18.1542580128	0	4	5	1	5	12	0	5	5
557	24	10	14	2	47	10	0	47	3.4652	0.112604	12.4902729988	0	6	4	1	6	7	0	6	4
578	24	9	21	6	49	9	0	47	0.654281	0.394261	12.9497518539	0	4	5	3	4	15	0	4	5
667	24	7	16	6	49	7	0	47	3.42607	0.103798	16.3777461052	0	4	3	1	5	10	0	4	3
735	24	13	17	2	47	13	0	47	0.28552	0.417921	17.6877880096	0	6	7	0	7	10	0	6	7
802	24	11	15	2	47	10	2	48	3.18889	0.11641	18.5116798878	0	6	5	1	6	8	0	6	4
852	24	10	18	4	48	10	0	47	2.32692	0.153582	17.1361699104	0	7	3	2	7	9	0	7	3
895	24	10	21	8	50	11	4	49	0.916385	0.262881	21.809623003	0	6	4	2	7	13	0	7	4
951	24	8	14	6	49	7	2	48	2.82004	0.241134	16.9980289936	0	6	2	0	7	7	0	6	1
972	24	9	23	8	50	7	8	51	5.0078	0.0666114	18.9911501408	0	4	5	3	5	17	0	3	4
71	23	11	21	6	47	10	2	46	2.02562	0.220054	26.5603058338	0	4	7	2	4	15	0	4	6
158	23	7	11	2	45	7	0	45	0.0577488	0.427047	11.710654974	0	4	3	1	4	6	0	4	3
161	23	7	20	8	48	7	0	45	3.5148	0.131004	15.7257869244	0	4	3	3	4	13	0	4	3
202	23	6	6	0	44	6	0	45	-3.53393e-08	0.500039	14.4123849869	0	3	3	0	3	4	0	3	3
237	23	10	10	0	44	8	4	47	3.91825	0.0851755	14.1582100391	0	5	5	0	5	6	0	5	3
243	23	7	12	4	46	7	0	45	1.01507	0.349958	13.4470059872	0	5	2	1	5	6	0	5	2
251	23	12	20	4	46	11	2	46	2.87695	0.153994	22.2596449852	0	7	5	2	7	11	0	7	4
329	23	11	37	12	50	11	0	45	3.78158	0.172714	45.3094711304	0	5	6	6	5	29	0	5	6
380	23	4	4	0	44	4	0	45	-5.01521e-07	0.500159	10.0655529499	0	3	1	0	3	2	0	3	1
388	23	4	11	4	46	4	0	45	0.971661	0.271476	16.107656002	0	4	0	1	5	5	0	4	0
483	23	14	23	8	48	13	2	46	1.20274	0.348476	20.2954628468	0	5	9	2	5	17	0	5	8
517	23	9	17	4	46	10	4	47	1.32211	0.219133	12.746530056	0	5	4	2	5	10	0	5	5
677	23	8	8	0	44	8	0	45	-6.49125e-08	0.500059	17.0452809334	0	4	4	0	4	5	0	4	4
699	23	9	22	8	48	11	6	48	1.0253	0.262658	20.9657771587	0	5	4	3	5	14	0	5	6
723	23	15	19	4	46	15	0	45	1.55371	0.200607	16.3181059361	0	5	10	1	5	13	0	5	10
729	23	4	17	6	47	4	0	45	3.33595	0.139816	12.0357129574	0	4	0	3	4	10	0	4	0
742	23	7	19	6	47	7	0	45	0.620468	0.311571	13.8884119987	0	5	2	2	5	12	0	5	2
784	23	13	13	4	46	12	2	46	1.19988	0.234323	19.0512280464	0	6	7	0	6	7	0	6	6
794	23	9	13	4	46	8	2	46	0.694877	0.309259	18.5477831364	0	4	5	2	4	11	0	4	4
797	23	11	11	0	44	11	0	45	-5.83714e-08	0.500055	24.4926421642	0	4	7	0	4	7	0	4	7
815	23	8	17	6	47	7	2	46	3.69822	0.0907238	13.5723648071	0	6	2	2	6	9	0	6	1
905	23	9	18	10	49	8	2	46	2.46765	0.178886	15.6834290028	0	5	4	1	6	13	0	5	3
955	23	9	17	4	46	9	0	45	0.465244	0.331103	15.150313139	0	5	4	3	5	13	0	5	4
0	22	7	24	16	50	8	4	45	3.75331	0.0916617	18.0105011463	0	6	1	3	7	13	0	7	1
19	22	11	11	0	42	11	0	43	-2.45629e-06	0.500433	12.6764121056	0	8	3	0	8	3	0	8	3
20	22	4	11	8	46	4	0	43	2.29648	0.196718	12.6074030399	0	2	2	1	2	9	0	2	2
32	22	5	13	6	45	5	0	43	1.9094	0.180276	16.5248150826	0	2	3	1	3	9	0	2	3
198	22	9	19	6	45	9	6	46	7.90017	0.0580345	26.3987219334	0	5	4	2	5	12	0	6	3
248	22	6	19	6	45	6	0	43	2.51713	0.222725	14.7454090118	0	5	1	3	5	11	0	5	1
275	22	9	23	8	46	10	4	45	4.64525	0.0751117	17.7851939201	0	6	3	2	7	16	0	7	3
417	22	10	13	4	44	10	4	45	3.87275	0.109325	16.446680069	0	5	5	1	6	10	0	5	5
442	22	11	31	12	48	12	4	45	5.72365	0.0751695	41.0843551159	0	8	3	3	9	19	0	9	3
474	22	7	11	2	43	6	2	44	1.10673	0.237593	10.3327791691	0	5	2	1	5	6	0	5	1
492	22	6	14	4	44	6	0	43	0.516061	0.318174	16.042552948	0	3	3	2	3	10	0	3	3
522	22	6	20	10	47	5	2	44	2.64938	0.13436	13.4982030392	0	3	3	3	4	13	0	3	2
543	22	10	13	2	43	10	0	43	-0.0022331	0.500731	13.3519160748	0	3	7	1	3	11	0	3	7
546	22	7	14	6	45	6	2	44	0.802143	0.26636	13.1602230072	0	4	3	2	5	11	0	4	2
615	22	9	23	8	46	9	0	43	3.85233	0.141476	16.4476799965	0	5	4	2	6	15	0	5	4
633	22	9	30	14	49	18	12	49	2.21913	0.142999	49.8381271362	0	3	6	3	2	26	0	3	15
715	22	8	18	8	46	6	4	45	3.42224	0.119247	11.5588858128	0	5	3	2	5	12	0	5	1
918	22	10	14	4	44	10	2	44	0.355768	0.355308	14.9296889305	0	9	1	1	10	6	0	9	1
961	22	4	20	8	46	4	0	43	0.561006	0.429483	15.8166019917	0	3	1	3	4	13	0	3	1
993	22	12	12	0	42	12	0	43	-1.97651e-08	0.500039	11.4190609455	0	4	8	0	4	8	0	4	8
35	21	9	30	12	46	9	0	41	2.85714	0.203789	17.1533060074	0	5	4	2	7	23	0	5	4
36	21	13	23	4	42	12	2	42	4.27582	0.0820329	12.2422990799	0	7	6	2	7	14	0	7	5
48	21	8	21	6	43	6	4	43	5.52612	0.0674903	11.9239051342	0	4	4	3	4	14	0	4	2
72	21	8	12	2	41	8	0	41	0.0455894	0.440839	11.0869100094	0	4	4	1	4	7	0	4	4
146	21	9	13	2	41	8	2	42	3.51897	0.1107	15.9154129028	0	5	4	2	5	10	0	5	3
299	21	6	14	4	42	6	0	41	0.725338	0.275141	13.0649328232	0	5	1	2	5	7	0	5	1
313	21	5	9	2	41	5	0	41	0.318094	0.351017	9.81388711929	0	2	3	1	2	6	0	2	3
328	21	8	8	2	41	5	6	44	0.415788	0.407337	11.4554831982	0	2	6	0	2	6	0	2	3
358	21	6	16	10	45	9	6	44	5.60378	0.0636645	12.8672320843	0	3	3	1	4	11	0	4	5
415	21	5	12	4	42	6	4	43	5.88635	0.0671763	11.5151410103	0	3	2	1	4	8	0	4	2
545	21	10	16	6	43	9	6	44	1.13983	0.345113	13.1868999004	0	7	3	1	7	9	0	6	3
607	21	4	11	4	42	5	4	43	0.783908	0.365583	15.2548041344	0	3	1	1	4	6	0	4	1
624	21	11	11	0	40	11	0	41	-3.30328e-09	0.500004	9.4457859993	0	5	6	0	5	6	0	5	6
639	21	5	16	8	44	3	4	43	2.26025	0.149385	15.9255781174	0	2	3	3	2	12	0	2	1
726	21	7	20	6	43	7	0	41	1.25362	0.268392	14.7149949074	0	6	1	3	6	11	0	6	1
757	21	9	9	0	40	8	2	42	5.3132	0.085511	11.1533751488	0	5	4	0	5	4	0	5	3
889	21	7	20	10	45	6	2	42	2.53838	0.224664	21.9462659359	0	5	2	2	6	12	0	5	1
55	20	6	6	0	38	6	0	39	-6.08876e-07	0.500178	14.7775309086	0	4	2	1	4	6	0	4	2
62	20	6	14	4	40	5	2	40	1.35871	0.2455	12.1914870739	0	2	4	2	2	10	0	2	3
63	20	8	21	10	43	6	4	41	3.57586	0.151693	17.5654959679	0	5	3	2	5	15	0	4	2
64	20	5	13	4	40	5	10	44	0.986346	0.299606	12.8434791565	0	3	2	2	3	8	0	3	2
93	20	5	14	6	41	5	0	39	0.231609	0.437674	13.3169691563	0	3	2	2	3	9	0	3	2
98	20	4	11	4	40	4	4	41	0.893258	0.318245	11.9737291336	0	3	1	2	4	9	0	3	1
122	20	5	10	4	40	6	4	41	6.48262	0.0533605	15.4118509293	0	4	1	0	5	5	0	5	1
123	20	8	12	2	39	6	4	41	0.709675	0.280474	11.0944709778	0	3	5	1	3	9	0	3	3
130	20	8	18	8	42	7	2	40	1.98762	0.25942	15.5663211346	0	2	6	1	3	14	0	2	5
181	20	8	14	4	40	8	0	39	0.607172	0.321269	14.1523249149	0	4	4	1	4	9	0	4	4
207	20	6	14	4	40	6	0	39	0.1707	0.461764	12.6835329533	0	3	3	2	3	10	0	3	3
215	20	9	13	2	39	9	0	39	0.939394	0.360335	9.75769305229	0	3	6	1	3	10	0	3	6
233	20	5	33	12	44	19	10	44	7.12141	0.0554925	70.0797271729	0	2	3	3	4	29	0	5	14
273	20	9	21	10	43	9	2	40	0.840533	0.344512	15.783372879	0	6	3	1	7	13	0	6	3
339	20	9	13	2	39	8	2	40	3.67519	0.0921215	9.78229999542	0	4	5	1	4	9	0	4	4
346	20	6	24	8	42	6	0	39	1.17558	0.223456	22.5314218998	0	5	1	4	5	15	0	5	1
353	20	7	34	12	44	15	8	43	6.24235	0.056354	50.2028319836	0	4	3	3	5	26	0	5	10
377	20	8	11	2	39	7	2	40	1.97464	0.170271	11.2341320515	0	4	4	0	5	7	0	4	3
424	20	10	14	2	39	10	0	39	0.380669	0.411803	11.0069329739	0	9	1	1	9	4	0	9	1
444	20	6	10	2	39	6	0	39	0.79245	0.272729	9.57903003693	0	3	3	1	3	6	0	3	3
448	20	10	14	2	39	10	0	39	0.00742326	0.475834	13.1363010406	0	7	3	1	7	6	0	7	3
468	20	9	29	12	44	13	6	42	5.74408	0.0580568	33.1154677868	0	6	3	3	6	21	1	6	6
574	20	8	12	2	39	8	0	39	0.839068	0.360912	12.8525421619	0	6	2	1	6	5	0	6	2
616	20	5	17	6	41	5	0	39	0.467912	0.302825	11.1922199726	0	3	2	3	3	11	0	3	2
629	20	8	20	6	41	8	6	42	3.12902	0.132419	11.4226419926	0	3	5	2	4	15	0	4	4
641	20	4	16	6	41	8	2	40	3.65562	0.0962956	13.4765739441	0	4	0	3	4	9	1	4	3
655	20	13	24	8	42	12	2	40	0.915049	0.344233	13.3499701023	0	8	5	2	8	14	0	8	4
670	20	3	7	2	39	3	0	39	0.646152	0.293432	10.2518970966	0	2	1	1	2	4	0	2	1
676	20	5	14	4	40	5	0	39	1.53872	0.225457	10.4781529903	0	3	2	2	3	9	0	3	2
680	20	8	14	8	42	8	6	42	5.37591	0.0550615	19.7773740292	0	5	3	0	6	9	0	6	2
691	20	4	50	22	49	4	4	41	5.23389	0.133188	35.2074210644	0	2	2	7	2	40	0	2	2
698	20	6	6	0	38	6	2	40	8.96762e-09	0.499988	9.08820319176	0	3	3	0	3	3	0	3	3
701	20	5	23	8	42	5	0	39	2.57634	0.186827	13.618211031	0	3	2	4	3	16	0	3	2
702	20	7	16	6	41	7	0	39	1.77742	0.202097	11.1627030373	0	3	4	1	4	11	0	3	4
704	20	6	14	4	40	6	0	39	2.78043	0.151122	31.4981348515	0	4	2	2	4	8	0	4	2
740	20	8	17	6	41	8	0	39	3.55671	0.105593	40.6018950939	0	4	4	1	5	12	0	4	4
774	20	7	15	4	40	7	0	39	2.98551	0.148011	8.88836121559	0	4	3	2	4	9	0	4	3
808	20	5	33	14	45	5	0	39	1.22154	0.330668	54.8368890285	0	4	1	5	4	24	0	4	1
873	20	7	16	4	40	7	0	39	0.791527	0.33674	13.6878240108	0	2	5	2	2	13	0	2	5
879	20	7	11	2	39	7	0	39	0.471221	0.342316	16.7967100143	0	5	2	1	5	5	0	5	2
884	20	7	20	8	42	7	4	41	4.69242	0.0838727	13.0828390121	0	4	3	2	5	13	0	5	2
903	20	6	6	0	38	6	0	39	-7.4142e-09	0.500011	13.1816859245	0	5	1	0	5	1	0	5	1
963	20	5	11	6	41	5	0	39	2.67486	0.136848	16.4250230789	0	3	2	1	3	7	0	3	2
990	20	8	13	2	39	8	0	39	1.02336	0.340182	9.69263291359	0	3	5	1	3	10	0	3	5
12	19	8	17	4	38	8	0	37	1.54036	0.212469	9.1210091114	0	3	5	2	3	13	0	3	5
38	19	3	35	14	43	3	0	37	7.51809	0.0574314	34.2032241821	0	3	0	6	3	26	0	3	0
91	19	7	11	4	38	7	0	37	0.410809	0.397433	10.7137820721	0	6	1	0	7	5	0	6	1
102	19	7	27	12	42	7	0	37	3.4433	0.116363	18.9669311047	0	5	2	3	5	19	0	5	2
113	19	6	16	6	39	5	2	38	3.79778	0.128215	8.25359201431	0	3	3	2	3	11	0	3	2
137	19	6	20	10	41	5	2	38	2.69617	0.174284	14.4164350033	0	4	2	3	4	13	0	4	1
196	19	7	29	12	42	7	0	37	3.03069	0.253563	16.4712970257	0	3	4	5	3	22	0	3	4
241	19	5	9	2	37	5	0	37	0.0780354	0.465441	9.10670304298	0	4	1	1	4	4	0	4	1
282	19	5	9	2	37	5	0	37	0.000249304	0.495321	11.1034119129	0	3	2	1	3	5	0	3	2
286	19	7	22	8	40	7	0	37	2.79415	0.19098	13.5922420025	0	3	4	3	3	16	0	3	4
394	19	4	17	6	39	4	0	37	1.22802	0.235387	9.02958893776	0	2	2	3	2	12	0	2	2
410	19	4	8	2	37	4	0	37	0.0372147	0.456371	11.235129118	0	3	1	1	3	4	0	3	1
446	19	4	13	4	38	4	0	37	1.63029	0.239165	8.70139193535	0	1	3	2	1	10	0	1	3
461	19	4	4	0	36	4	0	37	-1.31635e-07	0.500069	10.3660421371	0	2	2	0	2	2	0	2	2
504	19	7	7	0	36	7	0	37	-5.75901e-05	0.502011	14.9173929691	0	5	2	0	5	2	0	5	2
620	19	8	17	6	39	8	2	38	1.81935	0.271201	11.6535999775	0	4	4	2	4	11	0	4	4
649	19	5	17	6	39	5	0	37	2.48187	0.130812	14.0209281445	0	3	2	2	3	12	0	3	2
650	19	7	13	6	39	7	0	37	0.662439	0.337671	21.9408609867	0	3	4	1	3	9	0	3	4
703	19	5	21	10	41	5	0	37	2.71532	0.224683	17.0643119812	0	2	3	3	3	15	0	2	3
706	19	9	9	0	36	9	0	37	-1.15877e-07	0.500085	14.0207059383	0	6	3	0	7	5	0	6	3
716	19	9	19	6	39	9	0	37	0.896732	0.359103	23.9038209915	0	5	4	1	6	13	0	5	4
739	19	3	8	4	38	3	0	37	0.633376	0.322468	11.8499548435	0	3	0	1	3	4	0	3	0
756	19	4	8	2	37	4	0	37	1.45586	0.205188	11.9734120369	0	4	0	1	4	3	0	4	0
773	19	5	9	2	37	5	2	38	1.50156	0.217841	9.61677312851	0	4	1	1	4	4	0	4	1
855	19	6	6	0	36	6	0	37	4.67844e-09	0.499987	9.69591593742	0	3	3	0	3	3	0	3	3
863	19	10	15	4	38	10	0	37	0.108644	0.445428	13.2853901386	0	5	5	1	5	10	0	5	5
877	19	3	8	4	38	3	0	37	0.735782	0.293937	7.92237186432	0	3	0	1	3	4	0	3	0
900	19	2	2	0	36	2	0	37	-3.1232e-07	0.500161	10.8501160145	0	1	1	0	1	1	0	1	1
929	19	8	16	4	38	8	0	37	0.93146	0.313419	25.3643870354	0	6	2	2	6	8	0	6	2
75	18	3	20	8	38	3	0	35	1.7002	0.240625	8.1222820282	0	2	1	4	2	14	0	2	1
89	18	4	4	0	34	4	0	35	-4.34095e-07	0.50028	10.2487530708	0	3	1	0	3	1	0	3	1
174	18	2	16	8	38	6	2	36	0.187865	0.454029	11.596134901	0	2	0	3	2	10	1	2	3
182	18	6	41	16	42	4	4	37	2.35147	0.214484	107.39952898	0	4	2	3	8	30	0	4	0
274	18	5	8	2	35	5	0	35	1.46757	0.215298	8.9041929245	0	3	2	0	4	5	0	3	2
296	18	4	4	0	34	4	0	35	-0.0014933	0.511137	9.17185020447	0	3	1	0	3	1	0	3	1
349	18	7	22	8	38	7	0	35	1.78931	0.233062	12.8549468517	0	4	3	3	4	15	0	4	3
357	18	4	14	6	37	3	2	36	3.98037	0.095729	8.89626789093	0	2	2	2	2	10	0	2	1
384	18	5	9	2	35	5	0	35	0.00409226	0.482307	7.78774905205	0	1	4	1	1	8	0	1	4
428	18	4	8	2	35	4	0	35	0.0385939	0.445409	10.752106905	0	3	1	1	3	4	0	3	1
470	18	6	10	2	35	6	0	35	2.35376e-05	0.479822	12.0340619087	0	4	2	1	4	5	0	4	2
476	18	6	15	4	36	6	0	35	1.48087	0.204177	14.0776429176	0	2	4	2	2	12	0	2	4
645	18	5	37	16	42	29	14	42	5.22545	0.07436	208.561337948	0	2	3	4	4	29	2	4	23
661	18	5	15	8	38	5	0	35	1.45029	0.313156	10.6459860802	0	2	3	2	2	11	0	2	3
675	18	2	10	4	36	2	0	35	0.38007	0.333694	7.53543996811	0	2	0	2	2	6	0	2	0
791	18	4	8	2	35	4	0	35	-0.000474014	0.505868	10.0295491219	0	3	1	1	3	4	0	3	1
793	18	4	16	6	37	4	0	35	1.43156	0.27832	10.3650090694	0	3	1	2	3	11	0	3	1
885	18	4	8	2	35	4	0	35	0.158785	0.396882	9.18212914467	0	3	1	1	3	4	0	3	1
897	18	11	12	2	35	11	0	35	0.216417	0.388035	15.5145721436	0	5	6	0	5	7	0	5	6
917	18	9	18	6	37	7	4	37	3.47626	0.111263	10.7763390541	0	2	7	2	2	15	0	2	5
924	18	7	20	8	38	6	2	36	4.29527	0.0983475	9.33814907074	0	4	3	3	4	13	0	4	2
928	18	12	15	4	36	10	4	37	0.962154	0.320392	12.8044948578	0	4	8	1	4	11	0	4	6
953	18	4	8	2	35	4	0	35	0.119439	0.405325	10.5122659206	0	3	1	1	3	4	0	3	1
975	18	4	8	2	35	4	0	35	0.119825	0.405828	8.63697695732	0	3	1	1	3	4	0	3	1
2	17	7	20	6	35	7	0	33	2.17343	0.157766	12.9210979939	0	4	3	3	4	13	0	4	3
136	17	5	9	2	33	5	0	33	0.369729	0.330345	9.73900699615	0	3	2	1	3	5	0	3	2
167	17	3	16	6	35	3	0	33	0.514949	0.374554	9.40167999268	0	2	1	3	2	11	0	2	1
186	17	7	15	4	34	7	0	33	0.358525	0.338721	26.1337778568	0	5	2	2	5	8	0	5	2
226	17	3	7	2	33	3	0	33	2.62317	0.140236	10.014291048	0	2	1	1	2	4	0	2	1
310	17	5	9	2	33	5	0	33	0.232982	0.420583	6.89015698433	0	3	2	1	3	5	0	3	2
323	17	5	14	4	34	5	0	33	0.856458	0.3574	8.49682307243	0	3	2	2	3	9	0	3	2
361	17	10	17	4	34	7	6	36	5.27114	0.10339	7.98646187782	0	2	8	2	2	15	0	2	5
395	17	7	8	2	33	7	0	33	1.24594	0.3011	13.6655299664	0	3	4	0	3	5	0	3	4
400	17	3	20	8	36	3	0	33	1.69111	0.200083	10.7313170433	0	2	1	4	2	14	0	2	1
404	17	8	11	4	34	6	4	35	6.08258	0.0511239	7.31532382965	0	4	4	1	4	7	0	4	2
434	17	7	8	2	33	7	0	33	0.0336874	0.463812	11.54343009	0	4	3	0	4	4	0	4	3
488	17	6	10	2	33	6	0	33	0.499211	0.314475	8.76687407494	0	4	2	1	4	5	0	4	2
501	17	1	1	0	32	1	0	33	-4.34664e-05	0.501783	7.73998403549	0	1	0	0	1	0	0	1	0
518	17	8	17	4	34	8	0	33	2.3181	0.20613	10.9227809906	0	4	4	2	4	12	0	4	4
564	17	5	18	6	35	5	0	33	2.06512	0.117024	14.1330270767	0	3	2	3	3	12	0	3	2
571	17	5	9	2	33	5	0	33	0.448097	0.32607	7.06840610504	0	3	2	1	3	5	0	3	2
610	17	5	9	2	33	5	0	33	0.388788	0.389164	9.5847530365	0	3	2	1	3	5	0	3	2
619	17	1	5	2	33	1	0	33	0.28003	0.36494	7.48200798035	0	1	0	1	1	3	0	1	0
622	17	3	11	4	34	3	0	33	2.49419	0.139384	7.88175082207	0	2	1	2	2	7	0	2	1
632	17	10	13	2	33	10	0	33	0.120358	0.406697	10.6765999794	0	4	6	1	4	8	0	4	6
694	17	5	23	10	37	5	0	33	2.45295	0.204973	9.10732984543	0	3	2	4	3	16	0	3	2
743	17	7	12	4	34	5	2	34	0.832904	0.264209	10.772974968	0	3	4	1	3	8	0	3	2
753	17	9	12	2	33	9	0	33	0.50718	0.32297	11.9743499756	0	4	5	0	5	8	0	4	5
777	17	7	14	4	34	7	0	33	1.39438	0.250313	10.6214809418	0	3	4	1	4	10	0	3	4
778	17	5	10	4	34	5	0	33	4.92267	0.0699468	8.56772398949	0	2	3	1	2	7	0	2	3
785	17	8	12	2	33	7	2	34	2.81101	0.126975	10.963228941	0	4	4	1	4	7	0	4	3
799	17	8	12	2	33	8	0	33	0.0652685	0.428543	8.93423914909	0	6	2	1	6	5	0	6	2
825	17	4	4	0	32	4	0	33	-5.56207e-07	0.500254	10.2055468559	0	4	0	0	4	0	0	4	0
854	17	10	20	6	35	10	6	36	2.53609	0.194259	9.50154709816	0	6	4	1	7	12	0	7	3
901	17	5	9	2	33	5	0	33	5.57647	0.0583749	10.6229422092	0	3	2	1	3	5	0	3	2
945	17	8	10	4	34	6	2	34	2.75447	0.195415	6.93290805817	0	3	5	2	3	9	0	3	3
8	16	7	11	4	32	7	2	32	1.76724	0.257069	7.73870396614	0	4	3	1	4	6	0	4	3
21	16	3	11	4	32	3	0	31	1.36645	0.209239	8.0693860054	0	1	2	2	1	8	0	1	2
88	16	7	11	2	31	7	0	31	0.00252938	0.485622	9.38837814331	0	2	5	1	2	8	0	2	5
105	16	7	19	6	33	7	0	31	1.26861	0.242148	9.35625982285	0	4	3	3	4	12	0	4	3
107	16	2	6	2	31	2	0	31	0.163834	0.443045	9.0885682106	0	1	1	1	1	4	0	1	1
116	16	5	5	0	30	5	0	31	-1.98261e-05	0.501154	6.33675098419	0	3	2	0	3	2	0	3	2
126	16	5	14	6	33	5	0	31	1.63722	0.204702	8.54559803009	0	4	1	1	5	8	0	4	1
127	16	7	7	0	30	7	0	31	3.31765e-06	0.499655	7.33467721939	0	2	5	0	2	5	0	2	5
212	16	8	15	4	32	8	0	31	0.557911	0.378834	8.28168606758	0	3	5	1	5	15	0	3	5
218	16	4	8	2	31	4	0	31	0.0264346	0.454778	6.41415715218	0	2	2	1	2	5	0	2	2
227	16	13	13	0	30	13	0	31	-2.27064e-08	0.500029	14.7410042286	1	6	6	2	6	9	1	6	6
256	16	6	14	4	32	6	0	31	0.260051	0.407494	10.8335831165	0	3	3	2	3	9	0	3	3
325	16	6	11	4	32	6	0	31	0.543546	0.40215	8.06973791122	0	3	3	1	3	7	0	3	3
356	16	5	9	2	31	5	0	31	0.0660574	0.421665	10.3337790966	0	3	2	1	3	5	0	3	2
378	16	8	11	6	33	8	0	31	2.6464	0.182533	14.9072051048	0	6	2	0	6	6	0	6	2
386	16	3	7	2	31	3	0	31	-9.98426e-06	0.50094	7.29236388206	0	1	2	1	1	5	0	1	2
392	16	6	10	2	31	6	0	31	0.338967	0.348103	10.778181076	0	4	2	1	4	5	0	4	2
401	16	3	16	6	33	3	0	31	2.22812	0.143592	6.78054690361	0	1	2	3	1	12	0	1	2
472	16	7	13	4	32	7	0	31	1.69148	0.262982	8.78279781342	0	2	5	1	2	10	0	2	5
475	16	11	24	6	33	8	6	34	4.95068	0.134166	12.7196550369	0	4	7	3	4	18	0	4	4
562	16	6	15	4	32	6	0	31	2.03724	0.170546	11.5233209133	0	4	2	2	4	9	0	4	2
585	16	5	9	2	31	5	0	31	0.832825	0.263165	6.51048493385	0	1	4	1	1	7	0	1	4
587	16	3	3	4	32	3	6	34	-1.36902e-06	0.500337	6.4535779953	0	1	2	0	2	1	0	2	1
654	16	6	19	8	34	6	4	33	3.63481	0.142301	7.16181516647	0	2	4	2	3	14	0	2	4
687	16	6	9	4	32	5	2	32	1.03056	0.335757	7.62307190895	0	3	3	1	3	5	0	3	2
692	16	6	14	4	32	6	0	31	3.21376	0.126276	12.3623228073	0	3	3	2	3	9	0	3	3
708	16	6	25	10	35	6	0	31	2.70682	0.227672	9.89497494698	0	3	3	4	3	18	0	3	3
741	16	7	7	4	32	6	2	32	-1.92175e-05	0.500887	7.740254879	0	3	4	0	3	4	0	3	3
762	16	3	13	6	33	3	8	35	6.84411	0.0606818	14.753921032	0	1	2	1	2	10	0	1	2
786	16	6	5	2	31	5	2	32	-3.70366e-05	0.501641	6.1011030674	0	3	3	0	3	2	0	3	2
876	16	2	11	4	32	2	0	31	0.420774	0.325757	6.3024699688	0	1	1	2	1	8	0	1	1
880	16	4	4	0	30	4	0	31	-3.06543e-07	0.500136	8.56794500351	0	2	2	0	2	2	0	2	2
888	16	8	12	2	31	8	0	31	1.0556	0.241791	8.83181619644	0	4	4	1	4	7	0	4	4
896	16	5	14	4	32	6	2	32	4.15835	0.0947285	9.64671802521	0	2	3	2	2	10	0	2	4
931	16	4	9	4	32	4	0	31	2.69619	0.137463	8.77132105827	0	2	2	1	2	6	0	2	2
943	16	2	10	4	32	2	0	31	1.1466	0.234885	9.12487006187	0	1	1	2	1	7	0	1	1
14	15	6	10	2	29	6	0	29	0.232761	0.433744	8.94618415833	0	4	2	1	4	5	0	4	2
16	15	8	27	10	33	6	4	31	6.19876	0.0701512	9.24265909195	0	3	5	4	3	20	0	3	3
31	15	5	14	4	30	5	0	29	0.0236366	0.457178	7.67359614372	0	4	1	2	4	8	0	4	1
124	15	1	5	2	29	1	0	29	0.00145203	0.494811	5.58218812943	0	0	1	1	0	4	0	0	1
168	15	8	16	6	31	8	2	30	3.65041	0.106632	8.12273716927	0	5	3	2	5	9	0	5	3
171	15	2	3	4	30	3	4	31	1.04046e-09	0.499998	5.87081694603	0	2	0	1	3	3	0	3	0
191	15	6	11	4	30	5	2	30	1.9012	0.281276	9.39052891731	0	3	3	1	3	8	0	3	2
193	15	3	3	0	28	3	0	29	-3.14387e-06	0.50044	7.54745602608	0	1	2	0	1	2	0	1	2
231	15	6	14	4	30	6	0	29	0.310115	0.401999	7.43461608887	0	3	3	2	3	9	0	3	3
252	15	6	10	2	29	6	0	29	3.30737	0.117691	20.1816101074	0	4	2	1	4	5	0	4	2
281	15	4	4	0	28	4	0	29	1.08357e-08	0.499975	6.23038578033	0	3	1	0	3	1	0	3	1
315	15	5	11	4	30	5	0	29	0.632149	0.291274	8.1943769455	0	2	3	1	2	8	0	2	3
318	15	3	7	2	29	3	0	29	1.49964	0.200945	8.59720897675	0	1	2	1	1	5	0	1	2
352	15	2	11	4	30	2	0	29	1.14185	0.229094	6.92926383018	0	1	1	2	1	8	0	1	1
416	15	3	11	4	30	3	0	29	0.609861	0.382127	8.94941401482	0	1	2	2	1	8	0	1	2
443	15	3	11	4	30	3	0	29	0.00904574	0.474044	6.91925382614	0	1	2	2	1	8	0	1	2
447	15	6	6	2	29	5	2	30	0.154266	0.391747	8.11519002914	0	1	5	0	1	5	0	1	4
462	15	1	28	14	35	1	0	29	3.5277	0.207198	11.0989539623	0	0	1	6	0	21	0	0	1
493	15	3	12	6	31	3	0	29	1.18929	0.262614	7.54975795746	0	1	2	2	1	9	0	1	2
495	15	5	5	0	28	5	0	29	-2.70933e-07	0.500116	5.32820177078	0	2	3	0	2	3	0	2	3
511	15	5	9	4	30	5	0	29	0.968886	0.250995	7.2293150425	0	5	0	0	6	4	0	5	0
526	15	5	9	2	29	5	0	29	0.779186	0.319895	8.19408392906	0	3	2	0	4	5	0	3	2
536	15	5	23	8	32	5	0	29	3.9591	0.143445	7.30975604057	0	2	3	4	2	17	0	2	3
544	15	5	8	2	29	5	0	29	0.668148	0.289384	8.27884602547	0	3	2	1	3	6	0	3	2
549	15	1	9	4	30	1	0	29	3.35783	0.119408	8.77427411079	0	0	1	2	0	7	0	0	1
553	15	9	13	2	29	9	0	29	0.377925	0.334722	10.2327811718	0	5	4	1	6	9	0	5	4
568	15	1	5	2	29	1	0	29	0.0992947	0.459792	6.11926102638	0	0	1	1	0	4	0	0	1
570	15	4	16	6	31	4	0	29	1.33902	0.229945	6.87728595734	0	1	3	2	2	13	0	1	3
589	15	5	9	2	29	5	0	29	0.809889	0.273528	7.1771440506	0	3	2	2	3	8	0	3	2
601	15	1	19	8	32	1	0	29	1.39636	0.238514	11.6804471016	0	0	1	4	0	15	0	0	1
605	15	1	18	8	32	1	0	29	3.42683	0.176816	8.89121198654	0	0	1	4	0	14	0	0	1
613	15	4	22	8	32	4	0	29	0.961563	0.356128	8.91250395775	0	2	2	4	2	16	0	2	2
660	15	5	9	2	29	5	0	29	0.00162765	0.488579	8.00890612602	0	2	3	1	2	6	0	2	3
666	15	5	9	2	29	5	0	29	1.61541	0.225974	7.43972802162	0	5	0	2	5	6	0	5	0
671	15	5	5	0	28	5	0	29	-9.26837e-06	0.500873	8.17389702797	0	2	3	0	2	3	0	2	3
686	15	5	13	4	30	5	0	29	2.66773	0.170408	5.8810839653	0	2	3	2	2	9	0	2	3
693	15	8	8	0	28	8	0	29	-4.80982e-06	0.500571	8.43966794014	0	5	3	0	5	3	0	5	3
712	15	5	9	2	29	5	0	29	0.0422511	0.442909	6.24255919456	0	2	3	1	2	6	0	2	3
722	15	3	12	6	31	3	0	29	1.16552	0.24544	7.21873307228	0	1	2	2	1	9	0	1	2
730	15	5	9	2	29	5	0	29	0.00072267	0.492163	8.02079916	0	2	3	1	2	6	0	2	3
736	15	7	19	6	31	7	0	29	2.34242	0.206589	7.96667289734	0	3	4	3	3	13	0	3	4
751	15	6	15	6	31	6	0	29	0.259551	0.459324	11.3683009148	0	3	3	2	3	10	0	3	3
772	15	8	18	6	31	8	0	29	1.09485	0.323748	12.4777169228	0	3	5	2	3	13	0	3	5
776	15	5	10	4	30	5	0	29	0.35897	0.335655	15.9288270473	0	4	1	1	4	5	0	4	1
800	15	7	18	10	33	5	4	31	0.886627	0.276171	7.70682501793	0	2	5	3	2	13	0	2	3
804	15	3	11	4	30	3	0	29	0.0892506	0.415638	6.60297584534	0	1	2	2	1	8	0	1	2
805	15	6	8	2	29	6	0	29	0.762064	0.365063	7.25531506538	0	2	4	0	2	6	0	2	4
806	15	3	12	4	30	3	0	29	2.63863	0.140865	8.29188489914	0	1	2	2	1	9	0	1	2
837	15	3	16	8	32	3	0	29	1.39004	0.333728	8.20440602303	0	1	2	3	1	12	0	1	2
910	15	7	11	2	29	7	0	29	0.0275071	0.459821	7.00306010246	0	3	4	1	3	7	0	3	4
927	15	5	13	4	30	5	0	29	1.21932	0.289294	7.29430103302	0	3	2	3	3	11	0	3	2
939	15	1	31	12	34	1	0	29	2.86963	0.233632	12.7841999531	0	0	1	6	0	25	0	0	1
959	15	7	14	6	31	7	0	29	1.97053	0.229965	9.94132494926	0	5	2	1	5	8	0	5	2
987	15	2	6	2	29	2	0	29	0.278666	0.452921	6.75472903252	0	1	1	1	1	4	0	1	1
994	15	7	10	2	29	7	0	29	0.00596083	0.498975	6.70762491226	0	2	5	0	3	7	0	2	5
4	14	4	8	2	27	4	0	27	0.898482	0.304872	5.127628088	0	1	3	1	1	6	0	1	3
5	14	4	8	2	27	4	0	27	0.408223	0.328926	5.10776901245	0	1	3	1	1	6	0	1	3
43	14	3	3	0	26	3	0	27	4.92091e-08	0.499958	6.9008140564	0	1	2	0	1	2	0	1	2
90	14	7	14	4	28	6	2	28	0.652984	0.318585	6.70012307167	0	1	6	1	1	13	0	1	5
187	14	2	10	4	28	2	0	27	0.0262915	0.452246	6.00306105614	0	0	2	2	0	8	0	0	2
230	14	5	14	4	28	5	0	27	1.9052	0.181937	6.35882687569	0	2	3	2	2	10	0	2	3
253	14	8	9	2	27	8	0	27	0.0202119	0.488329	5.0221259594	0	4	4	0	4	5	0	4	4
265	14	6	6	0	26	5	2	28	0.22569	0.372899	6.02395796776	0	3	3	0	3	3	0	3	2
271	14	7	12	2	27	7	0	27	2.35288	0.143839	6.58874702454	0	4	3	1	4	7	0	4	3
287	14	4	4	0	26	4	0	27	-9.34711e-07	0.500255	5.0745139122	0	1	3	0	1	3	0	1	3
295	14	5	14	6	29	5	0	27	1.09429	0.37259	8.03348994255	0	2	3	2	2	10	0	2	3
340	14	7	12	2	27	7	0	27	2.0041	0.168707	5.75453782082	0	3	4	1	3	8	0	3	4
366	14	7	21	8	30	7	0	27	1.46489	0.277528	8.59261894226	0	3	4	3	3	15	0	3	4
405	14	5	18	6	29	5	0	27	2.2754	0.144174	8.65858912468	0	3	2	3	3	12	0	3	2
509	14	8	9	2	27	8	0	27	0.396992	0.408945	7.62037301064	0	4	4	0	4	5	0	4	4
515	14	2	19	8	30	2	0	27	0.561838	0.379167	7.24412894249	0	0	2	4	0	15	0	0	2
558	14	4	5	2	27	4	0	27	0.187614	0.426296	5.23702406883	0	3	1	0	3	2	0	3	1
679	14	5	5	0	26	5	2	28	1.33841e-08	0.499979	4.90537714958	0	4	2	0	4	2	0	4	1
688	14	4	13	4	28	4	0	27	2.26792	0.176929	6.15872788429	0	1	3	2	1	10	0	1	3
697	14	8	13	2	27	8	0	27	0.642874	0.302492	5.91418790817	0	3	5	1	3	9	0	3	5
749	14	4	18	8	30	4	2	28	6.72986	0.093001	22.9227318764	0	2	3	3	2	15	0	2	2
790	14	3	12	4	28	3	0	27	2.45805	0.185818	5.85411286354	0	1	2	2	1	9	0	1	2
798	14	3	11	4	28	3	0	27	1.78472	0.194306	5.53398704529	0	1	2	2	1	8	0	1	2
816	14	1	10	6	29	1	0	27	1.68053	0.189575	5.58452510834	0	0	1	2	0	8	0	0	1
822	14	4	13	6	29	4	0	27	1.09636	0.296243	6.36773896217	0	2	2	3	2	12	0	2	2
832	14	13	22	4	28	12	2	28	1.93239	0.181743	7.90364217758	0	4	9	2	4	17	0	4	8
840	14	3	21	8	30	3	0	27	4.34974	0.160797	7.51803517342	0	2	1	4	2	15	0	2	1
844	14	4	13	4	28	4	0	27	2.87988	0.121553	6.38411998749	0	1	3	2	1	10	0	1	3
857	14	7	7	0	26	7	0	27	-2.671e-08	0.500033	5.16160798073	0	3	4	0	3	4	0	3	4
859	14	2	15	6	29	2	0	27	1.30533	0.237142	6.56304693222	0	0	2	3	0	12	0	0	2
908	14	6	19	6	29	6	2	28	0.608043	0.439122	11.0507590771	0	3	4	3	3	14	0	3	3
912	14	5	5	0	26	5	0	27	-4.3603e-08	0.500064	5.15191698074	0	5	0	0	5	0	0	5	0
937	14	4	22	8	30	4	0	27	2.45812	0.280735	7.13717794418	0	1	3	4	1	17	0	1	3
960	14	5	14	6	29	5	0	27	0.758278	0.267901	6.46025300026	0	3	2	2	3	9	0	3	2
969	14	4	26	10	31	4	0	27	1.13642	0.354115	8.08088898659	0	1	3	5	1	20	0	1	3
995	14	11	19	4	28	11	0	27	2.57342	0.155741	6.79516410828	0	4	7	2	4	14	0	4	7
53	13	3	3	0	24	3	0	25	-0.00338248	0.517046	8.72267198563	0	0	3	0	0	3	0	0	3
68	13	2	15	6	27	2	0	25	3.30892	0.113367	6.38980603218	0	0	2	3	0	12	0	0	2
99	13	5	5	0	24	5	0	25	-1.33558e-05	0.501029	9.27123308182	0	1	4	0	1	4	0	1	4
103	13	4	4	0	24	4	0	25	-0.00504665	0.519446	5.22769284248	0	1	3	0	1	3	0	1	3
138	13	5	5	0	24	5	0	25	-0.000762759	0.507546	5.80102014542	0	3	2	0	3	2	0	3	2
140	13	5	18	6	27	5	0	25	1.63697	0.219699	11.9058470726	0	1	4	3	1	14	0	1	4
183	13	3	6	4	26	4	6	28	3.19906	0.112427	5.88765287399	0	3	1	0	4	3	0	4	0
232	13	6	18	6	27	6	0	25	0.947262	0.317463	6.41111707687	0	3	3	3	3	12	0	3	3
258	13	6	15	6	27	6	0	25	1.88247	0.233953	6.84765696526	0	2	4	2	2	11	0	2	4
267	13	4	5	2	25	4	0	25	0.481461	0.315601	6.31009602547	0	2	2	1	2	6	0	2	2
294	13	3	7	2	25	3	0	25	1.45136	0.200917	5.02766704559	0	0	3	1	0	6	0	0	3
308	13	4	12	4	26	4	0	25	0.491193	0.347752	5.76891613007	0	2	2	2	2	8	0	2	2
321	13	5	5	0	24	5	0	25	-9.50722e-07	0.500306	5.12931489944	0	1	4	0	1	4	0	1	4
372	13	5	14	6	27	5	0	25	0.5112	0.307688	5.32991504669	0	2	3	1	3	10	0	2	3
389	13	6	13	4	26	6	2	26	0.441984	0.321715	9.58352684975	0	5	2	2	5	9	0	5	1
418	13	3	7	2	25	3	0	25	2.57737	0.171542	5.07992911339	0	1	2	1	1	5	0	1	2
467	13	3	3	0	24	3	0	25	-6.64682e-07	0.500157	4.71571588516	0	0	3	0	0	3	0	0	3
496	13	4	4	0	24	4	0	25	-9.22228e-10	0.50001	7.61222815514	0	2	2	0	2	2	0	2	2
508	13	8	13	4	26	8	0	25	0.805292	0.374616	8.77765202522	0	3	5	1	3	9	0	3	5
531	13	4	16	6	27	4	0	25	0.877356	0.252099	6.08979797363	0	1	3	3	1	12	0	1	3
575	13	6	10	2	25	6	0	25	0.363361	0.34139	4.98628997803	0	3	3	1	3	6	0	3	3
597	13	6	13	6	27	6	4	27	0.670643	0.360575	8.75139808655	0	5	2	2	5	9	0	5	1
627	13	3	13	4	26	3	0	25	0.276598	0.401534	6.36908602715	0	2	1	2	2	9	0	2	1
637	13	3	16	6	27	3	0	25	1.65123	0.241965	5.01366901398	0	0	3	3	0	13	0	0	3
674	13	5	13	4	26	5	0	25	0.997821	0.282671	5.48942017555	0	1	4	2	1	10	0	1	4
700	13	9	14	4	26	7	4	27	2.32139	0.166937	6.90525507927	0	3	6	1	3	10	0	2	5
710	13	4	5	2	25	4	0	25	1.09363	0.23009	7.1724050045	0	4	0	0	4	1	0	4	0
728	13	3	11	4	26	3	0	25	0.536362	0.31091	4.52600884438	0	0	3	2	0	9	0	0	3
792	13	10	10	0	24	9	2	26	0.140468	0.397359	6.41970682144	0	4	6	1	4	9	0	4	5
819	13	4	8	2	25	4	0	25	0.0828341	0.418685	4.90903091431	0	2	2	2	2	8	0	2	2
829	13	6	19	6	27	6	0	25	0.112605	0.481289	8.66212892532	0	3	3	3	3	14	0	3	3
839	13	3	5	4	26	4	4	27	0.269137	0.360866	6.33277487755	0	2	1	1	3	7	0	3	1
864	13	9	9	2	25	5	2	26	0.119129	0.460579	7.15099787712	1	1	7	1	1	7	0	1	4
872	13	7	20	6	27	7	0	25	2.23301	0.289865	7.96488523483	0	4	3	3	4	13	0	4	3
893	13	6	6	0	24	6	0	25	-0.00135318	0.510125	8.48007893562	0	3	3	0	3	3	0	3	3
913	13	3	11	4	26	3	0	25	0.770924	0.375318	5.77466106415	0	0	3	2	0	9	0	0	3
973	13	6	10	2	25	6	0	25	0.534789	0.312188	6.21414709091	0	4	2	1	4	5	0	4	2
982	13	6	10	2	25	6	0	25	0.0198599	0.463829	6.38283801079	0	2	4	1	2	7	0	2	4
991	13	7	7	0	24	7	0	25	-6.1624e-06	0.500595	4.80884289742	0	3	4	0	3	4	0	3	4
42	12	3	12	4	24	3	0	23	1.17817	0.256846	5.09279584885	0	1	2	2	1	9	0	1	2
74	12	3	3	0	22	3	0	23	-2.13874e-05	0.5014	4.3743929863	0	1	2	0	1	2	0	1	2
109	12	3	3	0	22	3	0	23	-6.90161e-08	0.50007	4.17652392387	0	3	0	0	3	0	0	3	0
157	12	4	21	8	26	4	0	23	2.04023	0.201268	8.05159711838	0	0	4	4	0	17	0	0	4
176	12	4	4	0	22	4	0	23	-2.42107e-09	0.500009	4.36822891235	0	2	2	0	2	2	0	2	2
188	12	6	14	4	24	6	0	23	0.561936	0.292569	5.64616894722	0	1	5	1	1	13	0	1	5
203	12	6	10	2	23	6	0	23	0.862939	0.257658	4.79671382904	0	1	5	1	1	8	0	1	5
216	12	3	7	2	23	3	0	23	1.08017	0.259213	4.35234093666	0	1	2	1	1	5	0	1	2
247	12	4	8	2	23	4	0	23	-7.86651e-07	0.500108	4.44179987907	0	1	3	1	1	6	0	1	3
285	12	4	4	0	22	4	0	23	-6.97422e-07	0.500262	6.5805439949	0	0	4	0	0	4	0	0	4
291	12	1	9	4	24	1	2	24	0.653261	0.325432	4.16903305054	0	1	1	2	1	7	0	1	0
292	12	3	7	2	23	3	0	23	0.583139	0.296576	5.64160680771	0	1	2	1	1	5	0	1	2
306	12	3	3	0	22	3	0	23	-1.12771e-06	0.500243	4.12455606461	0	0	3	0	0	3	0	0	3
385	12	4	5	2	23	4	0	23	-1.15124e-05	0.505197	5.7405090332	0	2	2	0	2	3	0	2	2
408	12	6	6	0	22	6	0	23	5.40058e-09	0.499983	3.60058403015	0	2	4	0	3	6	0	2	4
473	12	2	6	2	23	2	0	23	1.14893	0.231118	4.34672498703	0	1	1	1	1	4	0	1	1
497	12	6	11	2	23	6	0	23	0.0665965	0.434406	4.58448195457	0	1	5	1	1	9	0	1	5
499	12	5	13	4	24	5	0	23	1.36503	0.285579	5.36249804497	0	2	3	2	2	9	0	2	3
525	12	3	3	0	22	3	0	23	-2.25682e-08	0.500035	3.86285114288	0	2	1	1	2	4	0	2	1
542	12	5	14	4	24	5	0	23	1.13904	0.263642	11.6652300358	0	3	2	2	3	9	0	3	2
582	12	3	4	2	23	3	0	23	0.0403508	0.478871	6.14700913429	0	3	0	0	3	2	0	3	0
614	12	5	5	0	22	4	2	24	5.02182	0.0706567	5.65923309326	0	3	2	0	3	3	0	3	1
647	12	5	9	2	23	5	0	23	0.512611	0.425611	4.90752696991	0	3	2	1	3	5	0	3	2
665	12	7	7	0	22	7	0	23	-2.12563e-05	0.501308	4.40647387505	0	3	4	2	3	11	0	3	4
668	12	6	10	2	23	6	0	23	0.067093	0.485639	8.57336497307	0	5	1	1	5	4	0	5	1
714	12	7	16	4	24	7	0	23	0.853886	0.311653	9.09729194641	0	1	6	2	1	13	0	1	6
717	12	3	3	0	22	3	0	23	-2.57296e-08	0.500037	4.70055103302	0	1	2	1	1	5	0	1	2
833	12	6	10	2	23	6	0	23	0.246774	0.365981	6.16738796234	0	3	3	1	3	6	0	3	3
835	12	3	7	2	23	3	0	23	0.219613	0.423362	4.51073384285	0	0	3	1	0	6	0	0	3
848	12	3	7	2	23	3	0	23	-0.0281801	0.523783	4.64835906029	0	3	0	2	3	6	0	3	0
875	12	5	16	8	26	5	0	23	1.54045	0.345861	5.38270807266	0	1	4	2	1	13	0	1	4
887	12	5	5	0	22	5	0	23	2.61389e-08	0.499955	4.52057504654	0	2	3	0	2	3	0	2	3
923	12	4	8	2	23	4	0	23	0.310105	0.433539	6.29630804062	0	1	3	1	1	6	0	1	3
935	12	4	9	2	23	4	0	23	0.306095	0.347916	4.28700709343	0	0	4	1	0	8	0	0	4
977	12	3	8	2	23	3	0	23	0.120311	0.405354	4.54890012741	0	1	2	1	1	6	0	1	2
983	12	6	11	2	23	6	0	23	1.7793	0.181977	4.60543298721	0	2	4	1	2	8	0	2	4
52	11	8	8	0	20	8	2	22	-6.85752e-06	0.500673	5.71162605286	0	5	4	0	5	4	0	5	3
117	11	6	10	4	22	6	0	21	1.76237	0.239951	4.55030298233	0	3	3	0	4	7	0	3	3
153	11	4	4	0	20	4	0	21	4.85691e-07	0.499858	4.45887994766	0	3	1	0	3	1	0	3	1
178	11	2	2	0	20	2	0	21	-3.04353e-08	0.500048	3.91042518616	0	2	0	0	2	0	0	2	0
179	11	3	36	14	27	3	0	21	1.74768	0.187793	6.06083297729	0	0	3	7	0	29	0	0	3
204	11	4	4	0	20	4	0	21	-1.1184e-05	0.500943	4.06703209877	0	0	4	0	0	4	0	0	4
240	11	6	10	2	21	6	0	21	0.231287	0.368707	6.00183105469	0	3	3	1	3	6	0	3	3
249	11	3	12	4	22	3	0	21	0.687902	0.285716	4.26949906349	0	0	3	2	0	10	0	0	3
255	11	2	2	0	20	2	0	21	7.60701e-09	0.499982	2.91795182228	0	2	0	1	2	3	0	2	0
263	11	4	13	6	23	4	0	21	1.58428	0.279346	6.66156101227	0	1	3	1	2	10	0	1	3
266	11	2	7	4	22	2	0	21	1.64558	0.238351	6.13247299194	0	2	0	2	2	7	0	2	0
276	11	8	15	6	23	6	2	22	1.15023	0.228989	4.57383704185	0	2	6	2	2	11	0	2	4
278	11	2	2	2	21	2	2	22	-8.64637e-07	0.500235	3.79825186729	0	2	0	0	2	0	0	2	0
279	11	9	14	2	21	9	0	21	0.366717	0.358739	13.227782011	0	4	5	1	4	9	0	4	5
289	11	5	5	0	20	5	0	21	-8.77175e-07	0.500177	4.12914180756	0	2	3	0	2	3	0	2	3
362	11	2	2	0	20	2	0	21	-2.27116e-06	0.500492	3.70583295822	0	1	1	0	1	1	0	1	1
363	11	5	5	0	20	5	0	21	9.51331e-10	0.499995	3.74796795845	0	4	1	0	4	1	0	4	1
459	11	2	6	2	21	2	0	21	0.694185	0.28459	5.6908788681	0	2	0	2	2	6	0	2	0
464	11	6	10	6	23	5	2	22	0.670103	0.310564	5.53873896599	0	4	2	1	4	6	0	4	1
486	11	2	2	0	20	2	0	21	-1.90084e-09	0.500003	5.11844396591	0	2	0	0	2	0	0	2	0
539	11	2	6	2	21	2	0	21	0.214192	0.418132	3.79107618332	0	0	2	1	0	5	0	0	2
599	11	2	2	0	20	2	0	21	-7.76454e-08	0.500085	3.80956888199	0	2	0	0	2	0	0	2	0
657	11	5	9	4	22	4	2	22	0.138004	0.395105	3.91275501251	0	1	4	2	1	11	0	1	3
745	11	6	6	0	20	5	2	22	3.13618	0.126172	5.43141794205	0	3	3	0	3	4	0	3	2
770	11	4	4	0	20	4	0	21	-0.0120227	0.530352	3.59823799133	0	1	3	0	1	3	0	1	3
