tree	Raxml_logL	TreeFix_logL	ProfileNJ95_logL	TruePhylo_logL	Raxml_AU	TreeFix_AU	ProfileNJ95_AU	TruePhylo_AU	Raxml_SH	TreeFix_SH	ProfileNJ95_SH	TruePhylo_SH
158	-33741.197943	-33742.347652	-33749.058534	-33742.347652	0.814	0.296	0.024	0.293	0.838	0.556	0.053	0.556
130	-44438.554862	-44440.398057	-44450.307688	-44441.304745	0.697	0.429	0.011	0.146	0.808	0.565	0.034	0.465
168	-41528.581428	-41535.174087	-41544.120659	-41531.362064	0.807	0.085	0.01	0.298	0.928	0.208	0.02	0.51
900	-41465.74175	-41469.9579	-41480.775416	-41470.789405	0.879	0.214	0.01	0.159	0.944	0.363	0.014	0.297
632	-36745.79789	-36748.509856	-36754.678327	-36746.262696	0.803	0.129	0.029	0.491	0.901	0.368	0.052	0.802
295	-36077.632047	-36081.793987	-36087.972181	-36083.938116	0.904	0.202	0.019	0.09	0.933	0.251	0.023	0.099
448	-31330.816025	-31331.192384	-31339.575204	-31331.192384	0.597	0.519	0.028	0.522	0.728	0.701	0.053	0.701
198	-41156.511581	-41158.632727	-41472.365419	-41158.632727	0.834	0.167	0.001	0.168	0.91	0.559	0.0	0.559
573	-42867.545499	-42871.152189	-42895.180061	-42872.065181	0.9	0.17	0.001	0.111	0.945	0.432	0.001	0.364
574	-28272.202691	-28272.281774	-28286.900744	-28272.281774	0.605	0.455	0.004	0.453	0.792	0.712	0.012	0.713
713	-31911.587377	-31918.273741	-31918.273741	-31914.061215	0.878	0.064	0.064	0.209	0.884	0.058	0.058	0.337
583	-34063.971069	-34065.469646	-34080.672117	-34067.065999	0.804	0.332	0.004	0.157	0.886	0.613	0.008	0.411
688	-30067.576394	-30068.102671	-30070.02188	-30069.372532	0.684	0.474	0.347	0.328	0.843	0.759	0.411	0.545
805	-25464.519339	-25468.243885	-25470.65245	-25468.243885	0.928	0.133	0.091	0.135	0.974	0.284	0.147	0.284
904	-33844.074983	-33850.157329	-33860.484814	-33848.345676	0.907	0.088	0.013	0.202	0.958	0.266	0.026	0.423
933	-26328.670351	-26340.238877	-26370.070149	-26329.107633	0.72	0.061	2e-08	0.448	0.859	0.154	0.0002	0.775
282	-31239.430335	-31241.776682	-31240.09359	-31240.09359	0.704	0.144	0.434	0.435	0.77	0.2	0.556	0.556
814	-30080.441969	-30082.314493	-30082.314493	-30082.314493	0.755	0.245	0.245	0.247	0.745	0.255	0.255	0.255
143	-34124.073723	-34128.234667	-34137.372883	-34124.52979	0.734	0.094	0.019	0.533	0.857	0.337	0.04	0.808
309	-30898.658918	-30905.639647	-30900.051652	-30900.051652	0.734	0.05	0.39	0.39	0.804	0.08	0.555	0.555
80	-33477.748499	-33483.106444	-33566.28025	-33479.68295	0.737	0.102	0.001	0.392	0.872	0.44	0.0	0.692
439	-25052.698309	-25054.746934	-25053.824929	-25055.213241	0.639	0.316	0.542	0.228	0.761	0.573	0.645	0.462
738	-31643.363836	-31644.385698	-31644.036878	-31644.385698	0.593	0.296	0.488	0.294	0.624	0.457	0.502	0.457
145	-34988.214666	-34996.092246	-35814.998774	-34996.340038	0.94	0.089	7e-08	0.093	0.988	0.489	0.0	0.496
253	-32285.390643	-32287.252993	-32289.310297	-32287.252993	0.833	0.292	0.089	0.292	0.852	0.354	0.118	0.354
589	-25605.472881	-25605.746887	-25605.746887	-25605.746887	0.624	0.379	0.379	0.377	0.625	0.375	0.375	0.375
649	-27909.069996	-27909.069996	-27909.081579	-27909.069996	0.622	0.652	0.452	0.647	0.793	0.889	0.458	0.822
787	-30674.550953	-30682.438437	-30682.438437	-30682.438437	0.929	0.072	0.072	0.071	0.934	0.066	0.066	0.066
26	-28603.666411	-28605.299346	-28605.299346	-28604.18617	0.786	0.183	0.183	0.375	0.884	0.263	0.263	0.528
296	-30308.762115	-30310.009775	-30326.532425	-30310.009775	0.805	0.228	0.005	0.229	0.876	0.554	0.005	0.555
303	-27196.781592	-27200.134395	-27200.134395	-27200.134395	0.83	0.171	0.172	0.171	0.818	0.182	0.182	0.182
378	-27082.269873	-27082.93217	-27082.93217	-27082.93217	0.702	0.3	0.299	0.301	0.69	0.31	0.31	0.31
676	-31457.707835	-31459.533379	-31507.982835	-31461.644105	0.869	0.231	2e-06	0.089	0.929	0.61	0.0	0.431
714	-32844.919216	-32846.022679	-32848.44691	-32846.022679	0.769	0.365	0.125	0.365	0.811	0.512	0.137	0.512
41	-25333.672335	-25333.672335	-25339.647268	-25333.672335	0.612	0.534	0.046	0.516	0.879	0.87	0.05	0.751
224	-25957.204411	-25960.369496	-25963.088159	-25960.369496	0.825	0.254	0.062	0.253	0.849	0.276	0.088	0.276
247	-25668.384929	-25670.574405	-25683.566395	-25672.14091	0.892	0.215	0.005	0.108	0.925	0.501	0.006	0.315
272	-30693.141493	-30697.184002	-30694.115043	-30694.281405	0.752	0.093	0.421	0.354	0.81	0.134	0.574	0.536
328	-26283.499704	-26285.110233	-26286.110636	-26285.110233	0.827	0.26	0.152	0.293	0.844	0.331	0.173	0.331
440	-29539.617403	-29542.880186	-29661.137868	-29542.879771	0.836	0.171	1e-34	0.168	0.895	0.521	0.0	0.522
540	-32198.421153	-32200.775319	-32200.775319	-32200.775319	0.83	0.17	0.171	0.172	0.818	0.182	0.182	0.182
593	-25131.4632	-25137.097437	-25137.097437	-25137.097437	0.939	0.062	0.061	0.062	0.933	0.067	0.067	0.067
662	-26122.933756	-26128.8207	-26128.727231	-26126.87733	0.929	0.062	0.084	0.173	0.944	0.072	0.076	0.18
664	-29221.514103	-29223.300956	-29229.114571	-29223.300956	0.859	0.191	0.042	0.243	0.885	0.462	0.057	0.462
674	-27178.628657	-27180.648004	-27180.015721	-27180.681759	0.687	0.244	0.409	0.201	0.744	0.278	0.386	0.271
750	-27252.079455	-27252.341436	-27252.341436	-27253.372599	0.687	0.486	0.487	0.219	0.771	0.645	0.645	0.264
826	-27386.175817	-27389.508177	-27403.332797	-27389.048712	0.89	0.105	0.004	0.307	0.925	0.396	0.01	0.428
10	-25812.901667	-25815.096983	-25815.096983	-25815.096983	0.803	0.201	0.201	0.2	0.798	0.202	0.202	0.202
113	-23496.379201	-23496.379201	-23496.379202	-23496.379202	0.515	0.37	0.488	0.486	0.932	0.965	0.563	0.52
227	-27434.330058	-27439.928588	-27440.010836	-27437.754363	0.801	0.195	0.121	0.313	0.846	0.148	0.143	0.318
251	-30855.522278	-30866.187129	-30858.367444	-30858.367444	0.743	0.049	0.364	0.364	0.774	0.075	0.495	0.495
314	-23921.085362	-23922.436459	-23924.711058	-23922.436459	0.837	0.298	0.094	0.3	0.86	0.449	0.127	0.449
549	-24969.239256	-24969.239257	-24969.239257	-24969.239256	0.466	0.481	0.487	0.477	0.827	0.706	0.631	0.828
578	-22908.077911	-22909.197315	-22911.620486	-22909.197369	0.843	0.308	0.092	0.306	0.856	0.496	0.135	0.496
588	-23714.025568	-23716.0479	-23733.460331	-23716.0479	0.845	0.182	0.001	0.182	0.907	0.502	0.006	0.503
659	-22328.482427	-22329.351515	-22329.351515	-22329.351515	0.753	0.249	0.249	0.248	0.741	0.259	0.259	0.259
765	-30170.882818	-30179.633492	-31479.981488	-30179.027404	0.922	0.072	5e-71	0.116	0.976	0.446	0.0	0.465
790	-27420.816161	-27425.957786	-27421.940273	-27425.957786	0.844	0.061	0.276	0.061	0.893	0.083	0.488	0.083
840	-27194.250936	-27195.716984	-27198.307704	-27195.716984	0.761	0.388	0.143	0.388	0.804	0.508	0.177	0.508
841	-24314.265627	-24315.182525	-24315.182525	-24315.182525	0.66	0.343	0.344	0.341	0.66	0.34	0.34	0.34
919	-24554.491549	-24556.077009	-24556.33276	-24556.077008	0.797	0.275	0.239	0.277	0.878	0.362	0.3	0.362
972	-21736.925403	-21736.925403	-21764.898812	-21736.925403	0.514	0.458	0.001	0.491	0.796	0.892	0.002	0.809
380	-20200.877342	-20206.30778	-20221.292128	-20203.598126	0.824	0.095	0.003	0.296	0.887	0.288	0.007	0.542
565	-28047.303072	-28051.521238	-28051.521238	-28050.013736	0.898	0.057	0.105	0.175	0.917	0.099	0.099	0.213
608	-30120.333685	-30125.325608	-30126.557506	-30125.325608	0.932	0.114	0.066	0.113	0.947	0.085	0.058	0.085
618	-25851.211015	-25853.166248	-25853.166248	-25853.166248	0.784	0.218	0.218	0.218	0.784	0.217	0.217	0.217
621	-29300.472833	-29302.652528	-29305.51306	-29302.809042	0.872	0.271	0.098	0.195	0.887	0.373	0.11	0.339
758	-29670.142754	-29678.255631	-29686.84607	-29678.255705	0.928	0.089	0.006	0.087	0.954	0.089	0.006	0.089
879	-22470.6753	-22470.743033	-22475.254028	-22470.743033	0.593	0.574	0.078	0.578	0.705	0.733	0.12	0.733
939	-27010.039652	-27014.517289	-27031.843705	-27014.517289	0.925	0.085	0.001	0.084	0.949	0.307	0.002	0.307
983	-26921.229393	-26924.326731	-26961.905762	-26922.213349	0.625	0.199	0.0004	0.519	0.792	0.572	0.0002	0.759
117	-22046.775115	-22049.301974	-22049.301912	-22049.301974	0.821	0.181	0.181	0.18	0.816	0.184	0.184	0.184
274	-21745.269306	-21746.067764	-21748.556819	-21746.067764	0.722	0.44	0.129	0.44	0.781	0.583	0.171	0.583
370	-25732.479045	-25742.834721	-25733.987772	-25734.117409	0.652	0.048	0.458	0.445	0.753	0.101	0.665	0.648
453	-23351.522561	-23357.062802	-23360.040686	-23351.721447	0.719	0.08	0.021	0.474	0.851	0.071	0.031	0.733
468	-24985.13873	-24988.133645	-25018.507133	-24988.133645	0.892	0.112	0.0003	0.112	0.93	0.446	9e-05	0.446
498	-28338.630836	-28340.662861	-28340.603588	-28340.662861	0.83	0.189	0.232	0.188	0.846	0.168	0.167	0.168
625	-22136.871333	-22136.871333	-22138.889112	-22136.871333	0.62	0.544	0.168	0.584	0.919	0.734	0.169	0.853
689	-28986.63944	-28987.996894	-28996.625895	-28987.996894	0.841	0.241	0.022	0.243	0.882	0.515	0.026	0.515
691	-27506.461974	-27509.155148	-27511.337247	-27509.155148	0.824	0.284	0.086	0.285	0.85	0.284	0.111	0.285
791	-25425.957969	-25426.840443	-25430.352903	-25426.840443	0.8	0.332	0.076	0.329	0.837	0.542	0.089	0.542
949	-25159.384865	-25160.675725	-25162.41661	-25160.675725	0.817	0.275	0.151	0.307	0.857	0.444	0.167	0.444
955	-21104.540292	-21104.618105	-21132.922278	-21104.540292	0.637	0.481	0.001	0.635	0.89	0.713	0.005	0.878
977	-27256.489153	-27257.714106	-27256.93304	-27256.93304	0.619	0.245	0.52	0.523	0.66	0.385	0.63	0.63
985	-24808.745307	-24811.43397	-24811.43397	-24811.43397	0.849	0.153	0.153	0.152	0.846	0.154	0.154	0.154
37	-26162.393848	-26164.840688	-26172.168367	-26164.840688	0.888	0.18	0.015	0.179	0.903	0.401	0.029	0.401
147	-18429.504666	-18430.69173	-18429.504666	-18430.69173	0.593	0.235	0.608	0.235	0.752	0.234	0.758	0.234
199	-25528.707072	-25531.845511	-25534.579332	-25530.033951	0.76	0.278	0.122	0.438	0.842	0.391	0.165	0.64
321	-23083.65387	-23087.594931	-23088.030783	-23086.594647	0.894	0.133	0.12	0.195	0.899	0.101	0.099	0.183
323	-21690.785731	-21692.115751	-21692.482026	-21692.115678	0.792	0.306	0.202	0.306	0.816	0.281	0.215	0.281
334	-26093.472236	-26094.326509	-26093.810569	-26093.810623	0.586	0.321	0.502	0.503	0.709	0.538	0.568	0.569
412	-26021.897659	-26025.311359	-26025.433624	-26025.311359	0.842	0.21	0.184	0.208	0.861	0.156	0.155	0.156
432	-28744.329483	-28748.825255	-28748.031096	-28744.969089	0.734	0.14	0.138	0.565	0.838	0.242	0.294	0.787
488	-27435.191974	-27438.042341	-27440.846645	-27438.042341	0.879	0.21	0.113	0.211	0.904	0.315	0.107	0.315
624	-24484.11274	-24484.157318	-24484.853322	-24484.157318	0.638	0.53	0.268	0.497	0.794	0.636	0.357	0.636
628	-19491.453564	-19491.569517	-19491.569517	-19491.569517	0.618	0.384	0.385	0.385	0.604	0.396	0.396	0.396
681	-23404.169024	-23407.3833	-23407.3833	-23407.3833	0.801	0.201	0.201	0.2	0.784	0.216	0.216	0.216
798	-24312.632874	-24314.409579	-24392.61028	-24314.409562	0.798	0.207	1e-46	0.207	0.902	0.547	0.0	0.547
847	-20207.607354	-20212.693318	-20210.856002	-20209.815229	0.752	0.033	0.254	0.386	0.836	0.117	0.27	0.446
857	-19452.334172	-19453.81246	-19462.646269	-19453.81246	0.851	0.228	0.019	0.227	0.877	0.527	0.037	0.527
901	-20916.927173	-20917.361088	-20948.572417	-20917.361088	0.735	0.271	4e-05	0.271	0.858	0.63	0.001	0.63
926	-20211.059975	-20213.223287	-20249.78184	-20212.987553	0.896	0.167	3e-06	0.18	0.996	0.601	0.0005	0.551
101	-21841.682407	-21841.682407	-21841.682407	-21841.682407	0.484	0.452	0.45	0.514	0.684	0.755	0.856	0.666
146	-25153.424673	-25154.075239	-25155.158317	-25154.213581	0.749	0.409	0.28	0.34	0.899	0.583	0.338	0.522
160	-17560.357405	-17562.879496	-17562.547708	-17562.879496	0.826	0.233	0.205	0.232	0.867	0.258	0.304	0.258
185	-20880.242284	-20884.928311	-20890.677438	-20882.215049	0.771	0.105	0.024	0.396	0.869	0.258	0.041	0.602
242	-21765.94223	-21766.620725	-21766.620725	-21766.620725	0.679	0.324	0.324	0.324	0.673	0.327	0.327	0.327
248	-22988.765433	-22990.520796	-22990.546882	-22990.520796	0.717	0.43	0.306	0.43	0.73	0.288	0.285	0.288
257	-19467.950888	-19471.480513	-19471.787526	-19469.865113	0.768	0.226	0.18	0.387	0.811	0.219	0.202	0.475
276	-24365.814664	-24367.315032	-24367.315032	-24367.315032	0.804	0.198	0.197	0.198	0.801	0.2	0.2	0.199
302	-25470.634958	-25477.270107	-25479.163503	-25473.079291	0.778	0.071	0.045	0.381	0.834	0.11	0.06	0.517
335	-20407.82275	-20409.587689	-20411.847241	-20409.587689	0.767	0.37	0.166	0.369	0.796	0.464	0.17	0.464
347	-21918.501031	-21921.722162	-21921.516706	-21921.552194	0.836	0.211	0.178	0.241	0.901	0.151	0.134	0.17
503	-22476.58888	-22477.287282	-22480.24952	-22477.278859	0.663	0.574	0.109	0.56	0.734	0.624	0.172	0.629
510	-27437.918729	-27442.61585	-27618.582922	-27440.6133	0.864	0.08	1e-05	0.223	0.941	0.46	0.0	0.556
539	-23739.335113	-23740.614062	-23740.614051	-23740.614057	0.76	0.243	0.243	0.244	0.75	0.251	0.25	0.25
611	-24769.094974	-24769.594161	-24769.594161	-24769.594161	0.597	0.406	0.405	0.406	0.599	0.401	0.401	0.401
783	-21444.080965	-21454.445785	-21455.792682	-21444.984618	0.622	0.041	0.014	0.49	0.745	0.06	0.036	0.703
887	-19481.599962	-19483.702425	-19485.645782	-19481.599962	0.646	0.21	0.126	0.689	0.827	0.342	0.141	0.821
888	-24279.191735	-24279.813244	-24279.813244	-24279.813244	0.633	0.37	0.37	0.371	0.623	0.377	0.377	0.377
951	-23262.261579	-23271.251885	-23553.349979	-23266.496824	0.849	0.044	3e-94	0.224	0.937	0.418	0.0	0.582
963	-24390.284109	-24393.092755	-24393.758523	-24393.364016	0.835	0.215	0.093	0.234	0.889	0.201	0.13	0.19
3	-22267.873485	-22267.922911	-22273.701	-22267.922911	0.556	0.573	0.059	0.573	0.677	0.736	0.09	0.736
23	-23658.736594	-23661.406725	-23661.813054	-23661.406726	0.83	0.247	0.188	0.246	0.842	0.171	0.177	0.171
52	-21733.358092	-21734.239503	-21734.654495	-21733.572171	0.659	0.376	0.318	0.526	0.834	0.541	0.444	0.816
167	-23569.181937	-23574.442265	-23574.442265	-23574.442265	0.93	0.07	0.07	0.07	0.926	0.074	0.074	0.074
172	-23041.474976	-23043.846083	-23043.846083	-23043.846083	0.794	0.207	0.206	0.207	0.79	0.21	0.21	0.21
249	-21032.825152	-21033.832498	-21032.825152	-21033.832498	0.595	0.267	0.587	0.267	0.771	0.252	0.736	0.252
277	-22956.790942	-22959.586615	-22959.586593	-22959.586615	0.735	0.267	0.267	0.266	0.748	0.252	0.252	0.252
365	-22571.518277	-22573.235354	-22573.604675	-22573.235354	0.758	0.314	0.261	0.311	0.807	0.344	0.278	0.344
441	-21999.897106	-22000.602714	-22000.602746	-22000.602714	0.614	0.387	0.388	0.388	0.613	0.387	0.387	0.387
465	-21183.008718	-21183.941839	-21186.332793	-21183.941839	0.779	0.38	0.11	0.379	0.832	0.526	0.145	0.526
495	-19521.194229	-19521.194229	-19521.275937	-19521.194229	0.511	0.747	0.423	0.516	0.79	0.906	0.416	0.814
629	-23283.001683	-23283.001691	-23283.001691	-23283.001691	0.457	0.539	0.523	0.351	0.577	0.851	0.705	0.731
658	-22461.233606	-22461.622959	-22463.489652	-22461.622959	0.667	0.403	0.116	0.489	0.741	0.607	0.216	0.607
686	-21910.378982	-21912.842045	-21913.477916	-21912.842045	0.896	0.164	0.141	0.163	0.946	0.26	0.191	0.26
693	-24684.784144	-24685.368733	-24685.110581	-24685.368733	0.633	0.356	0.437	0.356	0.723	0.444	0.622	0.444
733	-20399.242802	-20399.710635	-20401.088044	-20400.980686	0.738	0.441	0.212	0.269	0.812	0.66	0.252	0.276
746	-24561.617064	-24564.89482	-24689.616814	-24564.901703	0.928	0.093	2e-07	0.108	0.955	0.477	0.0	0.475
853	-23626.372564	-23630.823364	-23875.830081	-23630.815134	0.933	0.074	1e-42	0.075	0.968	0.465	0.0	0.465
13	-22718.82579	-22720.954099	-22721.689648	-22720.954099	0.86	0.211	0.144	0.21	0.871	0.204	0.13	0.204
47	-17446.59015	-17447.825506	-17448.749409	-17447.825506	0.681	0.412	0.246	0.413	0.754	0.467	0.324	0.467
50	-18486.460226	-18486.509136	-18486.509136	-18486.509136	0.495	0.508	0.506	0.507	0.504	0.496	0.496	0.496
62	-23628.149121	-23628.887304	-23628.887304	-23628.887303	0.684	0.319	0.32	0.318	0.687	0.313	0.313	0.313
69	-18955.828664	-18956.175139	-18961.946817	-18956.175139	0.689	0.468	0.045	0.467	0.781	0.666	0.075	0.666
100	-23067.418576	-23068.014534	-23072.606479	-23068.014534	0.769	0.357	0.063	0.366	0.836	0.586	0.07	0.586
114	-23827.59245	-23827.592449	-23836.188243	-23827.592449	0.575	0.52	0.024	0.522	0.795	0.812	0.03	0.894
171	-21626.559998	-21630.285577	-21630.330754	-21630.285578	0.887	0.142	0.151	0.142	0.884	0.121	0.12	0.121
212	-20887.557325	-20889.618096	-20892.106274	-20889.618097	0.864	0.242	0.066	0.242	0.887	0.323	0.085	0.323
261	-21000.494526	-21002.788423	-21011.931692	-21002.788423	0.79	0.274	0.014	0.262	0.836	0.484	0.028	0.484
349	-18400.766007	-18400.766007	-18401.316587	-18400.766007	0.544	0.583	0.311	0.516	0.786	0.852	0.297	0.868
405	-19022.308899	-19025.050461	-19025.050461	-19025.050461	0.843	0.159	0.16	0.159	0.833	0.167	0.167	0.167
434	-23890.411536	-23890.558022	-23890.558022	-23890.558022	0.597	0.407	0.407	0.406	0.612	0.388	0.388	0.388
550	-22737.704041	-22738.778019	-22738.778019	-22738.778019	0.731	0.271	0.27	0.271	0.723	0.277	0.277	0.277
597	-24779.981991	-24783.253613	-24785.892067	-24783.594719	0.759	0.368	0.074	0.286	0.789	0.304	0.144	0.258
598	-21991.548082	-21994.255092	-21998.707426	-21996.303283	0.918	0.214	0.047	0.08	0.945	0.367	0.056	0.15
615	-19708.963147	-19709.87479	-19709.87479	-19709.87479	0.73	0.274	0.273	0.272	0.722	0.278	0.278	0.278
653	-22509.969332	-22510.935218	-22510.72121	-22510.935218	0.568	0.37	0.502	0.371	0.6	0.43	0.519	0.43
669	-18422.351602	-18425.233821	-18425.973598	-18424.838719	0.799	0.281	0.149	0.332	0.829	0.21	0.173	0.271
723	-19594.225252	-19595.220455	-19597.036171	-19595.220455	0.803	0.334	0.135	0.249	0.862	0.483	0.171	0.483
731	-23350.459055	-23355.159481	-23353.247851	-23353.247851	0.836	0.12	0.273	0.271	0.866	0.128	0.285	0.285
749	-21752.567143	-21752.567143	-21752.735336	-21752.567143	0.483	0.677	0.453	0.651	0.755	0.899	0.462	0.846
784	-17291.472867	-17292.71134	-17295.420245	-17292.71134	0.83	0.277	0.093	0.278	0.867	0.452	0.096	0.452
789	-21280.825837	-21281.717265	-21282.695876	-21281.63146	0.773	0.343	0.164	0.401	0.826	0.463	0.206	0.488
859	-19254.632136	-19255.914686	-19255.914686	-19255.914686	0.646	0.355	0.354	0.354	0.652	0.348	0.348	0.348
894	-21540.23988	-21543.402583	-21545.988759	-21544.506887	0.905	0.196	0.066	0.136	0.925	0.215	0.063	0.094
902	-16487.156539	-16489.3906	-16489.453873	-16489.507868	0.84	0.258	0.217	0.165	0.866	0.176	0.177	0.164
28	-21345.494672	-21345.853758	-21347.198805	-21345.853758	0.689	0.49	0.217	0.489	0.763	0.643	0.277	0.644
56	-21834.144513	-21834.626644	-21843.111736	-21834.626644	0.683	0.448	0.026	0.447	0.753	0.703	0.041	0.703
166	-19569.640314	-19574.095793	-19575.463382	-19572.935291	0.869	0.146	0.059	0.254	0.897	0.128	0.069	0.218
194	-15036.692836	-15036.779998	-15036.779998	-15036.779998	0.5	0.503	0.503	0.502	0.509	0.491	0.491	0.491
245	-20799.725666	-20799.725664	-20801.611085	-20799.725664	0.571	0.612	0.176	0.578	0.689	0.85	0.178	0.967
288	-18839.005749	-18839.79756	-18843.026655	-18839.79756	0.807	0.337	0.088	0.337	0.839	0.55	0.104	0.55
292	-20044.564917	-20046.474031	-20051.157528	-20046.474031	0.874	0.22	0.041	0.221	0.903	0.407	0.053	0.407
304	-24063.896077	-24068.348886	-24068.348886	-24068.348886	0.871	0.13	0.13	0.13	0.879	0.121	0.121	0.121
337	-21197.48299	-21198.614485	-21199.157319	-21198.614485	0.797	0.295	0.206	0.295	0.833	0.341	0.204	0.341
354	-22917.277389	-22922.609462	-22926.933767	-22922.609146	0.808	0.265	0.037	0.265	0.83	0.238	0.086	0.238
364	-19798.629318	-19804.723789	-19804.403098	-19801.632229	0.78	0.078	0.132	0.354	0.813	0.129	0.141	0.371
452	-18544.799765	-18544.941594	-18545.013472	-18544.941594	0.573	0.457	0.414	0.457	0.698	0.623	0.539	0.623
463	-20042.163897	-20049.437454	-20048.633431	-20044.622082	0.903	0.153	0.068	0.249	0.949	0.206	0.22	0.563
483	-20410.219157	-20412.099036	-20415.284123	-20412.099036	0.734	0.383	0.113	0.331	0.765	0.48	0.149	0.48
509	-22309.853208	-22345.504195	-23160.611422	-22339.07031	1.0	2e-36	1e-55	4e-05	1.0	0.134	0.0	0.179
521	-18470.22336	-18470.768079	-18470.770134	-18470.768079	0.698	0.378	0.384	0.376	0.716	0.294	0.292	0.294
535	-18450.002158	-18450.47659	-18450.47659	-18450.47659	0.688	0.312	0.313	0.314	0.691	0.309	0.309	0.309
591	-18044.107307	-18045.262483	-18075.367498	-18045.262483	0.789	0.222	0.0002	0.222	0.891	0.576	0.002	0.576
643	-22836.361613	-22837.779328	-22837.779796	-22837.779248	0.718	0.288	0.287	0.287	0.715	0.286	0.286	0.286
656	-13437.739464	-13437.844006	-13437.844006	-13437.844006	0.603	0.399	0.399	0.398	0.601	0.399	0.399	0.399
666	-19469.704789	-19469.704792	-19471.30239	-19469.704792	0.76	0.421	0.191	0.504	0.972	0.926	0.196	0.597
683	-19982.676434	-19983.003815	-19983.003815	-19983.003815	0.677	0.328	0.329	0.327	0.668	0.332	0.332	0.332
703	-23885.423965	-23887.982072	-23887.982072	-23887.982072	0.773	0.23	0.229	0.229	0.757	0.243	0.243	0.243
710	-23114.349647	-23118.196839	-23118.196839	-23118.196839	0.827	0.174	0.174	0.174	0.82	0.18	0.18	0.18
768	-19745.283501	-19746.093306	-19753.162851	-19746.093306	0.773	0.3	0.009	0.288	0.866	0.553	0.028	0.553
782	-21589.278189	-21590.508632	-21595.228999	-21590.508632	0.831	0.282	0.062	0.282	0.88	0.489	0.07	0.489
801	-22369.481371	-22372.062302	-22379.261487	-22372.062316	0.818	0.245	0.02	0.244	0.884	0.404	0.028	0.404
821	-21808.247886	-21811.618873	-21813.957468	-21812.732643	0.927	0.205	0.049	0.086	0.936	0.15	0.062	0.113
849	-23394.871923	-23398.467836	-23402.882042	-23398.03605	0.927	0.141	0.051	0.153	0.98	0.296	0.045	0.341
915	-21405.875044	-21407.29462	-21413.267607	-21407.29453	0.845	0.253	0.032	0.253	0.877	0.494	0.046	0.494
920	-20547.077723	-20549.828686	-20550.43081	-20549.828686	0.839	0.217	0.083	0.217	0.867	0.183	0.112	0.183
962	-22887.280594	-22891.476524	-22920.742363	-22891.229909	0.769	0.257	0.001	0.288	0.902	0.465	0.0002	0.501
978	-14182.924666	-14184.922494	-14186.454307	-14183.296001	0.786	0.204	0.115	0.554	0.881	0.372	0.203	0.818
27	-22603.680061	-22605.558995	-22605.1626	-22605.1626	0.754	0.256	0.3	0.329	0.798	0.278	0.369	0.369
35	-16782.673725	-16783.466723	-16787.97354	-16783.466723	0.768	0.372	0.054	0.372	0.827	0.574	0.079	0.574
91	-18248.895237	-18250.790025	-18250.790025	-18250.790025	0.789	0.212	0.212	0.212	0.772	0.228	0.228	0.228
110	-20634.401206	-20634.793371	-20634.793371	-20634.793371	0.651	0.352	0.35	0.353	0.673	0.327	0.327	0.327
184	-19556.03542	-19560.752772	-19567.981887	-19560.752772	0.918	0.129	0.007	0.13	0.942	0.218	0.017	0.218
197	-20111.16115	-20112.389469	-20115.889545	-20112.430602	0.759	0.405	0.073	0.359	0.816	0.527	0.108	0.522
299	-20404.445729	-20406.47688	-20412.510247	-20406.476879	0.794	0.295	0.03	0.293	0.863	0.452	0.048	0.452
350	-19091.936039	-19092.056465	-19097.861705	-19092.056465	0.676	0.504	0.043	0.503	0.789	0.693	0.067	0.693
384	-16365.466568	-16365.466592	-16368.928727	-16365.466593	0.608	0.499	0.112	0.602	0.846	0.777	0.117	0.865
416	-17760.721571	-17762.265927	-17774.265706	-17762.265917	0.819	0.217	0.002	0.217	0.873	0.518	0.01	0.518
462	-17720.853243	-17723.634517	-17724.441708	-17723.634517	0.817	0.275	0.13	0.274	0.848	0.206	0.141	0.206
528	-17362.751337	-17362.751338	-17362.751337	-17362.751337	0.45	0.476	0.505	0.467	0.953	0.675	0.568	0.798
543	-19476.556223	-19481.119802	-19481.119802	-19481.119802	0.872	0.129	0.128	0.128	0.868	0.132	0.132	0.132
557	-16095.100789	-16096.128951	-16095.795602	-16096.128951	0.686	0.2	0.401	0.201	0.729	0.341	0.415	0.341
576	-20127.319732	-20129.07062	-20132.643656	-20129.07062	0.868	0.237	0.062	0.237	0.891	0.405	0.073	0.405
601	-20432.040358	-20433.290793	-20433.290793	-20433.290793	0.745	0.255	0.255	0.256	0.736	0.264	0.264	0.264
605	-21063.103349	-21066.233091	-21068.363442	-21066.233091	0.924	0.152	0.051	0.151	0.921	0.146	0.062	0.146
663	-20779.51212	-20781.227351	-20781.563516	-20781.765444	0.814	0.295	0.236	0.147	0.857	0.292	0.219	0.177
678	-18872.762386	-18875.498178	-18875.555542	-18875.498178	0.873	0.184	0.122	0.183	0.875	0.141	0.128	0.141
709	-16036.229395	-16037.190603	-16038.986206	-16037.190517	0.8	0.336	0.134	0.335	0.843	0.486	0.15	0.486
719	-18978.055822	-18979.985661	-18981.30693	-18979.985661	0.758	0.297	0.167	0.359	0.78	0.365	0.197	0.365
721	-19859.053686	-19861.286978	-19861.286978	-19859.457477	0.682	0.153	0.153	0.51	0.743	0.224	0.224	0.657
757	-17443.313098	-17448.514273	-17443.313098	-17443.426707	0.591	0.07	0.6	0.517	0.883	0.102	0.857	0.71
781	-17832.768571	-17835.662651	-17887.380577	-17835.662651	0.8	0.202	3e-06	0.203	0.894	0.513	0.0	0.513
792	-19340.644351	-19341.19852	-19345.03478	-19341.19852	0.77	0.417	0.113	0.418	0.823	0.619	0.139	0.619
819	-20615.896135	-20616.351785	-20616.351785	-20616.351785	0.673	0.33	0.328	0.33	0.674	0.326	0.326	0.326
825	-16997.975581	-17000.56877	-17000.910402	-17000.56877	0.867	0.211	0.133	0.21	0.874	0.151	0.135	0.151
881	-16964.2602	-16965.897111	-16970.35316	-16965.897111	0.712	0.415	0.103	0.433	0.772	0.553	0.168	0.553
898	-20356.308199	-20362.144868	-20364.585583	-20357.43059	0.668	0.095	0.043	0.503	0.753	0.148	0.077	0.693
903	-16191.52634	-16194.501037	-16194.13026	-16194.501037	0.833	0.136	0.224	0.108	0.849	0.139	0.194	0.139
910	-21444.029127	-21449.701085	-21446.78978	-21446.78978	0.795	0.098	0.307	0.308	0.831	0.11	0.352	0.352
911	-20448.430816	-20450.154509	-20452.857662	-20450.154509	0.735	0.383	0.122	0.393	0.773	0.475	0.16	0.475
971	-18315.977188	-18317.724541	-18330.050659	-18317.724541	0.829	0.253	0.011	0.253	0.858	0.55	0.025	0.55
980	-17527.931674	-17527.931674	-17531.654397	-17527.931674	0.504	0.65	0.094	0.583	0.731	0.949	0.097	0.823
992	-21327.90899	-21332.933565	-21417.959222	-21335.193538	0.941	0.11	0.001	0.047	0.967	0.43	0.0	0.35
996	-20431.630053	-20431.957014	-20431.957014	-20431.957014	0.66	0.341	0.34	0.342	0.656	0.344	0.344	0.344
16	-16199.626928	-16199.905717	-16203.407607	-16199.905717	0.659	0.513	0.074	0.514	0.75	0.685	0.111	0.685
21	-19264.809615	-19265.67247	-19267.470877	-19265.67247	0.648	0.488	0.154	0.492	0.705	0.561	0.265	0.561
30	-19551.016705	-19551.592088	-19551.592088	-19551.592089	0.632	0.368	0.369	0.371	0.622	0.378	0.378	0.378
38	-19213.445277	-19217.244488	-19222.709591	-19213.82013	0.73	0.123	0.017	0.483	0.828	0.229	0.028	0.751
49	-18111.824127	-18116.996679	-18118.460766	-18112.700516	0.833	0.059	0.05	0.404	0.902	0.172	0.111	0.738
55	-20868.250854	-20870.969483	-20977.077406	-20870.969486	0.796	0.206	1e-05	0.206	0.879	0.559	0.0	0.559
67	-15961.384163	-15961.734872	-15961.734872	-15961.734872	0.663	0.34	0.34	0.34	0.668	0.333	0.333	0.332
72	-15788.367788	-15789.078816	-15789.078816	-15789.078816	0.716	0.285	0.285	0.286	0.724	0.276	0.276	0.276
104	-19487.956126	-19487.956131	-19490.968138	-19487.956131	0.63	0.554	0.108	0.544	0.783	0.776	0.117	0.88
118	-19324.382822	-19326.583651	-19332.70965	-19326.583651	0.822	0.26	0.028	0.262	0.854	0.447	0.044	0.447
125	-13357.26157	-13357.488072	-13361.372298	-13357.488072	0.696	0.524	0.135	0.509	0.774	0.7	0.173	0.7
161	-17424.322755	-17425.536129	-17426.17263	-17425.536129	0.67	0.423	0.185	0.423	0.712	0.402	0.308	0.402
188	-19382.570013	-19385.101972	-19385.101972	-19385.101972	0.779	0.222	0.222	0.223	0.78	0.22	0.22	0.22
203	-14374.193524	-14376.071605	-14374.771866	-14374.771866	0.759	0.187	0.394	0.393	0.808	0.226	0.565	0.565
267	-15696.42023	-15696.890901	-15698.160906	-15696.890901	0.725	0.412	0.248	0.41	0.815	0.602	0.279	0.602
273	-17574.935244	-17576.315525	-17575.842741	-17576.315525	0.68	0.15	0.379	0.151	0.733	0.3	0.383	0.3
280	-19463.583718	-19464.629131	-19464.629104	-19464.629131	0.709	0.292	0.292	0.292	0.713	0.287	0.287	0.287
293	-19737.855847	-19742.038993	-19743.898446	-19742.038993	0.92	0.147	0.057	0.146	0.934	0.11	0.054	0.11
298	-19228.800305	-19229.281952	-19231.111101	-19229.281951	0.709	0.489	0.163	0.489	0.753	0.645	0.205	0.645
322	-18726.725926	-18726.862668	-18726.862668	-18726.862668	0.553	0.449	0.449	0.451	0.56	0.44	0.44	0.44
324	-15551.141756	-15551.413873	-15559.896433	-15551.413873	0.615	0.544	0.048	0.545	0.745	0.706	0.083	0.706
356	-15433.75125	-15434.669699	-15439.76675	-15434.669699	0.685	0.444	0.061	0.445	0.767	0.613	0.091	0.613
376	-18973.83215	-18975.256775	-18977.641669	-18975.256775	0.821	0.298	0.094	0.297	0.843	0.407	0.1	0.407
383	-19211.013328	-19213.493079	-19213.493079	-19213.493079	0.853	0.148	0.149	0.149	0.844	0.156	0.156	0.156
399	-19629.391587	-19634.713676	-19632.236365	-19633.646663	0.891	0.033	0.194	0.157	0.92	0.068	0.289	0.153
413	-17318.157052	-17318.157021	-17318.668	-17318.157021	0.61	0.661	0.308	0.503	0.852	0.98	0.306	0.669
417	-20924.396408	-20925.672116	-20926.6884	-20926.688407	0.697	0.426	0.195	0.195	0.742	0.441	0.258	0.258
454	-15341.852323	-15344.417847	-15343.529118	-15344.417847	0.738	0.097	0.33	0.098	0.794	0.179	0.318	0.179
492	-18501.052134	-18502.696802	-18506.503727	-18502.696802	0.853	0.256	0.159	0.256	0.924	0.468	0.193	0.468
508	-18869.859216	-18870.194425	-18871.017142	-18870.194425	0.681	0.426	0.305	0.429	0.768	0.65	0.354	0.65
512	-17288.288313	-17289.067245	-17293.883345	-17289.067245	0.791	0.35	0.057	0.35	0.84	0.584	0.079	0.584
571	-21958.798316	-21961.493087	-21961.50097	-21961.493832	0.824	0.192	0.195	0.191	0.821	0.181	0.179	0.181
613	-17472.399384	-17472.640865	-17472.640865	-17472.640865	0.663	0.34	0.329	0.339	0.642	0.358	0.358	0.358
660	-13349.619477	-13349.75094	-13353.632722	-13349.75094	0.704	0.499	0.084	0.501	0.794	0.69	0.105	0.69
705	-20015.716334	-20016.695107	-20016.695107	-20016.695107	0.572	0.428	0.43	0.428	0.576	0.424	0.424	0.424
716	-18772.704885	-18778.04164	-18780.332889	-18778.04164	0.933	0.11	0.037	0.108	0.95	0.086	0.031	0.086
756	-17245.446866	-17245.677781	-17245.677781	-17245.677781	0.648	0.354	0.354	0.355	0.638	0.363	0.363	0.362
799	-17816.097632	-17817.600525	-17820.246262	-17816.462349	0.755	0.274	0.082	0.482	0.851	0.446	0.11	0.723
808	-20051.372173	-20052.150016	-20056.457612	-20052.150016	0.793	0.337	0.061	0.336	0.837	0.566	0.07	0.566
862	-15562.982372	-15562.982371	-15576.574743	-15562.982371	0.562	0.651	0.007	0.551	0.791	0.958	0.011	0.737
893	-17551.977341	-17553.705274	-17557.451378	-17553.705274	0.863	0.247	0.054	0.247	0.888	0.417	0.073	0.417
909	-17839.653959	-17841.200453	-17843.367273	-17841.200453	0.844	0.276	0.086	0.278	0.864	0.382	0.105	0.382
998	-19341.800368	-19343.701155	-19343.701155	-19343.701155	0.617	0.38	0.384	0.383	0.638	0.362	0.362	0.362
6	-17935.400491	-17937.309657	-17937.309657	-17937.309657	0.829	0.174	0.173	0.174	0.822	0.178	0.178	0.178
48	-17600.210482	-17601.529734	-17601.773337	-17601.529734	0.644	0.391	0.386	0.391	0.763	0.57	0.477	0.57
68	-17874.604951	-17880.377116	-18064.998834	-17880.377116	0.948	0.052	1e-39	0.052	0.977	0.427	0.0	0.427
95	-18156.240231	-18159.613102	-18157.61104	-18156.24023	0.679	0.113	0.245	0.697	0.868	0.175	0.413	0.903
109	-12055.088415	-12056.039569	-12056.039508	-12056.039569	0.778	0.215	0.224	0.222	0.757	0.243	0.243	0.243
121	-16823.510929	-16824.124296	-16824.124296	-16824.124296	0.718	0.283	0.284	0.285	0.714	0.287	0.287	0.287
157	-17784.534462	-17786.097827	-17786.22402	-17786.097827	0.819	0.235	0.211	0.233	0.83	0.195	0.187	0.195
174	-17129.444537	-17129.870666	-17132.273705	-17129.870665	0.686	0.488	0.143	0.487	0.776	0.632	0.181	0.632
175	-14534.546684	-14534.628485	-14538.696341	-14534.628485	0.638	0.552	0.07	0.551	0.744	0.707	0.124	0.707
181	-17104.277253	-17104.277252	-17104.277252	-17104.277252	0.477	0.596	0.479	0.601	0.556	0.852	0.725	0.848
207	-17044.101115	-17046.325172	-17046.723025	-17046.401663	0.827	0.249	0.166	0.283	0.885	0.223	0.17	0.182
216	-15972.726178	-15974.438486	-15979.555747	-15974.438486	0.848	0.272	0.06	0.272	0.866	0.483	0.079	0.483
217	-16417.892063	-16418.067639	-16418.681934	-16418.067639	0.538	0.54	0.309	0.571	0.572	0.717	0.507	0.717
229	-18285.215541	-18286.501939	-18286.501939	-18286.501939	0.763	0.239	0.239	0.237	0.748	0.252	0.252	0.252
234	-19590.816492	-19590.840292	-19593.475337	-19590.840292	0.614	0.595	0.113	0.596	0.737	0.739	0.136	0.739
236	-15489.463584	-15489.463584	-15489.592323	-15489.463584	0.49	0.538	0.397	0.521	0.852	0.783	0.388	0.872
250	-17590.270964	-17590.270964	-17590.270964	-17590.270964	0.525	0.428	0.464	0.48	0.645	0.795	0.703	0.805
266	-19232.894228	-19232.894218	-19232.894218	-19232.894218	0.513	0.459	0.551	0.553	0.53	0.752	0.851	0.864
275	-15444.685644	-15444.808675	-15447.800853	-15444.808675	0.746	0.464	0.109	0.464	0.848	0.633	0.144	0.633
311	-14912.549884	-14916.728491	-14924.749412	-14916.728491	0.909	0.143	0.009	0.142	0.93	0.279	0.024	0.279
352	-17280.870069	-17281.574283	-17282.766265	-17281.574283	0.682	0.485	0.182	0.486	0.732	0.577	0.272	0.577
353	-16371.079687	-16372.016546	-16378.175907	-16372.016546	0.772	0.343	0.038	0.344	0.823	0.578	0.044	0.578
393	-13773.566433	-13773.566433	-13775.467889	-13773.566433	0.625	0.474	0.171	0.606	0.81	0.895	0.178	0.802
400	-12839.975726	-12841.741333	-12841.741333	-12841.741333	0.827	0.174	0.175	0.173	0.813	0.187	0.187	0.187
403	-17118.011091	-17119.433588	-17120.393893	-17119.433588	0.853	0.261	0.141	0.263	0.938	0.37	0.233	0.37
404	-15991.165863	-15992.602689	-15993.328525	-15992.602689	0.793	0.314	0.172	0.315	0.839	0.351	0.213	0.351
418	-16764.809127	-16765.013852	-16767.357656	-16765.013852	0.67	0.549	0.135	0.548	0.732	0.724	0.17	0.724
429	-18709.099785	-18709.805358	-18709.994552	-18709.805353	0.648	0.403	0.37	0.402	0.722	0.567	0.459	0.567
437	-18834.7519	-18835.428121	-18835.480496	-18835.428102	0.712	0.203	0.328	0.346	0.833	0.447	0.436	0.447
466	-17697.634037	-17701.34048	-17701.34048	-17698.078633	0.638	0.108	0.107	0.521	0.715	0.152	0.152	0.674
502	-17970.649694	-17974.075296	-17976.39176	-17974.075296	0.838	0.244	0.072	0.247	0.865	0.236	0.09	0.236
515	-19212.19647	-19216.406555	-19212.799959	-19216.406555	0.763	0.077	0.388	0.076	0.831	0.093	0.584	0.093
520	-19801.838477	-19803.836235	-19803.836238	-19803.836235	0.857	0.145	0.143	0.146	0.841	0.159	0.159	0.159
524	-16530.366968	-16530.366968	-16530.366968	-16530.366968	0.47	0.487	0.457	0.492	0.628	0.781	0.901	0.663
541	-17318.86103	-17319.507496	-17319.507472	-17319.507496	0.736	0.266	0.266	0.267	0.722	0.278	0.278	0.278
554	-17667.11964	-17668.259539	-17670.542404	-17668.259538	0.752	0.375	0.114	0.376	0.791	0.497	0.139	0.497
564	-17015.780737	-17015.780737	-17015.780736	-17015.780737	0.492	0.461	0.462	0.488	0.552	0.885	0.905	0.646
572	-18265.163368	-18266.673889	-18266.673889	-18266.673889	0.679	0.323	0.323	0.323	0.667	0.333	0.333	0.333
595	-19805.736375	-19810.740921	-19810.712251	-19810.711983	0.882	0.156	0.153	0.155	0.88	0.123	0.123	0.123
612	-16004.290866	-16008.427032	-16010.301461	-16005.062641	0.778	0.108	0.064	0.483	0.86	0.237	0.122	0.761
614	-15445.766715	-15446.142978	-15446.142978	-15446.142978	0.563	0.439	0.438	0.439	0.581	0.419	0.419	0.419
634	-16952.085793	-16953.303789	-16960.210386	-16953.303789	0.769	0.332	0.03	0.333	0.836	0.551	0.041	0.551
641	-15895.976696	-15897.629358	-15897.629358	-15897.629358	0.817	0.186	0.185	0.186	0.807	0.193	0.193	0.193
677	-17760.044288	-17761.071284	-17765.749972	-17761.071284	0.658	0.468	0.06	0.416	0.718	0.604	0.122	0.604
679	-16747.491616	-16747.491616	-16751.150632	-16747.491616	0.653	0.605	0.097	0.451	0.916	0.799	0.109	0.769
695	-14988.195451	-14989.343792	-14989.018814	-14989.343792	0.703	0.207	0.401	0.208	0.734	0.325	0.401	0.325
698	-14603.732784	-14603.862463	-14603.732784	-14603.862463	0.516	0.415	0.539	0.416	0.792	0.397	0.713	0.397
728	-17656.446041	-17656.663812	-17657.847965	-17656.663812	0.71	0.491	0.142	0.49	0.763	0.662	0.196	0.662
735	-18987.641345	-18992.147759	-18991.58866	-18992.147759	0.904	0.111	0.143	0.112	0.917	0.093	0.111	0.092
737	-16729.650774	-16732.36766	-16732.367663	-16732.367663	0.91	0.091	0.09	0.09	0.904	0.096	0.096	0.096
747	-16538.075105	-16539.434579	-16543.759729	-16539.434579	0.9	0.194	0.042	0.195	0.901	0.432	0.053	0.432
775	-19443.677694	-19444.570843	-19449.187429	-19444.570843	0.713	0.418	0.056	0.419	0.784	0.588	0.078	0.588
777	-18646.686948	-18646.755461	-18646.755461	-18646.755461	0.5	0.48	0.503	0.477	0.512	0.488	0.488	0.488
778	-19878.935825	-19879.18412	-19882.394282	-19879.18412	0.704	0.483	0.091	0.483	0.787	0.661	0.118	0.661
815	-15439.245183	-15441.672229	-15447.639943	-15441.672228	0.84	0.257	0.049	0.259	0.87	0.429	0.059	0.429
816	-18424.811157	-18425.983996	-18425.07947	-18425.983996	0.706	0.217	0.46	0.217	0.782	0.266	0.621	0.266
822	-13796.988232	-13801.645817	-13805.122945	-13804.50675	0.881	0.224	0.044	0.098	0.884	0.224	0.073	0.095
828	-14908.338254	-14912.797148	-14911.945361	-14912.797148	0.896	0.166	0.131	0.167	0.971	0.224	0.27	0.224
855	-19728.845322	-19732.406925	-19769.075197	-19732.406925	0.864	0.138	7e-05	0.137	0.928	0.427	2e-06	0.427
858	-15285.029498	-15285.077311	-15294.441324	-15285.077311	0.606	0.529	0.022	0.532	0.762	0.723	0.031	0.722
866	-16525.491536	-16527.278634	-16527.278634	-16527.278634	0.825	0.176	0.176	0.176	0.819	0.181	0.181	0.181
874	-19420.32634	-19425.800699	-19427.277008	-19427.20443	0.951	0.092	0.049	0.06	0.957	0.064	0.035	0.038
876	-15798.438495	-15800.767776	-15800.766572	-15800.767776	0.832	0.204	0.22	0.201	0.882	0.193	0.201	0.193
883	-11486.457372	-11486.457372	-11488.287222	-11487.156416	0.636	0.67	0.105	0.58	0.837	0.856	0.263	0.56
925	-17756.708395	-17760.18431	-17760.18431	-17759.030935	0.777	0.143	0.144	0.35	0.807	0.177	0.177	0.299
928	-17331.587986	-17331.675718	-17332.101324	-17331.675718	0.582	0.518	0.21	0.518	0.628	0.582	0.549	0.582
932	-16628.629414	-16631.20958	-16630.738597	-16631.20958	0.844	0.157	0.23	0.158	0.854	0.154	0.194	0.154
948	-17048.840867	-17049.074151	-17050.104845	-17049.074151	0.696	0.472	0.22	0.472	0.775	0.649	0.256	0.649
953	-16758.253459	-16759.854764	-16759.145276	-16759.854764	0.751	0.277	0.329	0.276	0.825	0.303	0.51	0.303
956	-18286.546403	-18287.345992	-18315.731678	-18287.345992	0.66	0.348	0.0001	0.351	0.831	0.631	0.001	0.631
969	-15155.92817	-15157.327445	-15157.327445	-15157.327445	0.65	0.351	0.353	0.344	0.65	0.35	0.35	0.35
975	-15187.80071	-15187.87109	-15190.18074	-15187.87109	0.609	0.562	0.113	0.513	0.7	0.677	0.224	0.677
997	-17892.038178	-17894.963585	-17898.700924	-17894.963585	0.898	0.185	0.052	0.186	0.902	0.279	0.058	0.279
4	-15957.526361	-15957.617183	-15957.680877	-15957.617183	0.572	0.491	0.344	0.491	0.64	0.559	0.617	0.559
17	-15329.31991	-15334.291723	-15334.866004	-15334.291723	0.846	0.218	0.103	0.218	0.871	0.154	0.119	0.154
34	-16545.31835	-16545.467926	-16549.218603	-16545.467926	0.605	0.586	0.103	0.586	0.678	0.748	0.167	0.748
65	-15766.971025	-15767.588315	-15767.799793	-15767.588315	0.768	0.327	0.291	0.327	0.93	0.442	0.385	0.442
75	-16475.322594	-16475.347856	-16482.010536	-16475.347856	0.614	0.547	0.03	0.547	0.752	0.735	0.05	0.735
124	-16684.79161	-16687.197963	-16685.527311	-16685.612567	0.77	0.15	0.404	0.358	0.839	0.186	0.544	0.519
126	-17614.549942	-17615.955619	-17618.07231	-17615.955619	0.831	0.283	0.118	0.283	0.852	0.417	0.124	0.417
134	-17507.882619	-17509.402927	-17511.648668	-17509.402927	0.883	0.211	0.085	0.211	0.899	0.371	0.092	0.371
144	-17241.163475	-17241.430257	-17245.238142	-17241.430257	0.738	0.465	0.117	0.465	0.808	0.659	0.147	0.659
151	-16194.857109	-16195.6534	-16195.555248	-16195.6534	0.724	0.286	0.337	0.286	0.765	0.281	0.32	0.281
165	-15113.405548	-15114.384532	-15114.384532	-15114.384533	0.693	0.311	0.308	0.309	0.692	0.308	0.308	0.308
176	-13905.864078	-13907.166815	-13907.186004	-13907.166815	0.668	0.414	0.429	0.414	0.688	0.321	0.318	0.321
180	-16411.56345	-16411.809889	-16413.570154	-16411.809889	0.708	0.468	0.172	0.466	0.795	0.643	0.185	0.643
193	-17469.517494	-17477.815921	-17495.253659	-17473.594149	0.816	0.051	0.001	0.275	0.899	0.21	0.003	0.496
201	-12339.517223	-12339.517223	-12340.093633	-12339.517223	0.517	0.505	0.399	0.537	0.914	0.76	0.406	0.832
204	-16759.938661	-16761.682428	-16762.452289	-16761.682428	0.833	0.242	0.181	0.244	0.87	0.29	0.173	0.29
211	-15666.924447	-15667.704178	-15668.004708	-15667.704178	0.636	0.463	0.292	0.461	0.672	0.47	0.376	0.47
222	-16594.473958	-16595.624804	-16595.17008	-16595.624808	0.703	0.36	0.347	0.359	0.889	0.393	0.504	0.393
230	-16598.505404	-16598.505403	-16598.802331	-16598.505403	0.589	0.531	0.34	0.503	0.87	0.752	0.347	0.88
262	-16079.489899	-16083.957533	-16086.667361	-16083.957533	0.867	0.18	0.051	0.204	0.889	0.173	0.065	0.173
265	-17762.402652	-17763.210079	-17765.021005	-17763.210079	0.666	0.491	0.197	0.491	0.736	0.603	0.275	0.603
270	-16366.517393	-16369.773123	-16384.872106	-16366.517381	0.62	0.105	0.001	0.644	0.828	0.384	0.004	0.861
271	-17100.321613	-17100.396566	-17100.396566	-17100.396566	0.576	0.427	0.426	0.425	0.578	0.422	0.423	0.422
279	-13142.803763	-13142.803763	-13143.390911	-13142.803763	0.534	0.516	0.29	0.611	0.855	0.827	0.293	0.799
284	-13574.600585	-13574.600585	-13576.842932	-13574.600585	0.535	0.658	0.154	0.536	0.816	0.887	0.157	0.796
285	-14758.688598	-14758.833043	-14783.938735	-14758.833043	0.569	0.445	0.0004	0.448	0.761	0.73	0.001	0.729
297	-14012.125989	-14012.29679	-14012.29679	-14012.29679	0.526	0.475	0.475	0.476	0.54	0.46	0.46	0.46
301	-16386.393578	-16386.393578	-16386.737189	-16386.393578	0.552	0.511	0.356	0.554	0.942	0.783	0.333	0.776
325	-17590.515208	-17590.825918	-17590.847296	-17590.825918	0.631	0.427	0.308	0.427	0.674	0.376	0.39	0.376
338	-17234.398852	-17234.398851	-17240.74139	-17234.398851	0.603	0.535	0.041	0.515	0.815	0.889	0.05	0.8
340	-16323.145976	-16324.039479	-16325.708266	-16324.039479	0.77	0.379	0.159	0.379	0.798	0.53	0.18	0.53
358	-18314.254937	-18315.335907	-18318.217372	-18315.335907	0.682	0.455	0.108	0.456	0.734	0.563	0.173	0.563
361	-13311.873138	-13314.375343	-13312.948221	-13313.00311	0.712	0.118	0.438	0.407	0.79	0.233	0.498	0.484
374	-11575.042754	-11575.969446	-11575.969342	-11575.969446	0.747	0.256	0.254	0.255	0.749	0.251	0.251	0.251
392	-18276.64571	-18277.878095	-18277.469815	-18277.878093	0.697	0.267	0.392	0.266	0.757	0.31	0.438	0.31
409	-17539.434684	-17539.903754	-17542.700562	-17539.903754	0.733	0.434	0.105	0.435	0.784	0.621	0.13	0.621
420	-17024.762503	-17026.359922	-17025.04692	-17026.359922	0.714	0.231	0.447	0.231	0.782	0.27	0.647	0.27
428	-17734.491954	-17738.156691	-17738.157731	-17738.156691	0.895	0.117	0.115	0.116	0.889	0.113	0.112	0.113
431	-16317.387609	-16317.588798	-16317.81821	-16317.588799	0.539	0.504	0.349	0.527	0.574	0.625	0.603	0.625
443	-15426.36355	-15426.363548	-15426.595227	-15426.363548	0.477	0.643	0.46	0.652	0.78	0.805	0.455	0.919
445	-14572.040544	-14572.138791	-14574.127651	-14572.138791	0.569	0.502	0.129	0.526	0.683	0.647	0.263	0.647
460	-17333.027066	-17335.129705	-17335.129705	-17335.129705	0.81	0.192	0.191	0.19	0.808	0.192	0.192	0.192
474	-15012.762423	-15013.284029	-15013.284029	-15013.284029	0.698	0.304	0.304	0.305	0.699	0.301	0.301	0.301
485	-16032.708502	-16032.708502	-16036.497782	-16032.708502	0.607	0.581	0.086	0.514	0.807	0.781	0.095	0.905
517	-14992.123257	-14993.064566	-14992.809347	-14993.064566	0.694	0.211	0.403	0.212	0.738	0.339	0.406	0.339
530	-17315.295463	-17316.244571	-17317.217735	-17316.244571	0.769	0.331	0.253	0.331	0.847	0.51	0.3	0.51
547	-15720.89992	-15722.500202	-15722.266009	-15722.500202	0.8	0.209	0.284	0.209	0.809	0.216	0.24	0.216
556	-17205.842693	-17207.33699	-17207.292929	-17207.336993	0.81	0.244	0.226	0.241	0.827	0.212	0.211	0.212
568	-16390.847782	-16391.965266	-16390.941115	-16391.965266	0.558	0.236	0.575	0.236	0.648	0.398	0.685	0.398
607	-15965.194303	-15965.974276	-15967.483012	-15965.974276	0.779	0.369	0.149	0.371	0.824	0.514	0.179	0.514
622	-14238.281834	-14238.989723	-14238.989726	-14238.989723	0.639	0.363	0.363	0.364	0.626	0.374	0.374	0.374
652	-16766.850944	-16766.850944	-16768.55078	-16766.850944	0.556	0.603	0.17	0.594	0.809	0.881	0.182	0.782
672	-18121.836195	-18122.278606	-18127.473413	-18122.278605	0.679	0.488	0.06	0.488	0.739	0.703	0.082	0.703
690	-17902.380852	-17902.684873	-17904.350784	-17902.684873	0.712	0.455	0.177	0.455	0.784	0.641	0.199	0.641
692	-18750.323899	-18754.010508	-18754.010508	-18754.010508	0.888	0.112	0.112	0.112	0.881	0.119	0.119	0.119
729	-15360.206673	-15360.325081	-15361.786186	-15360.325081	0.581	0.577	0.192	0.575	0.613	0.728	0.371	0.729
739	-14957.026428	-14957.141486	-14957.998819	-14957.141486	0.655	0.382	0.301	0.487	0.789	0.676	0.336	0.676
751	-13625.620306	-13627.079291	-13628.177549	-13627.079291	0.765	0.361	0.14	0.345	0.813	0.376	0.191	0.376
752	-15046.109886	-15046.490205	-15050.463045	-15046.490205	0.641	0.487	0.08	0.5	0.72	0.682	0.128	0.682
760	-15119.60641	-15119.975769	-15123.455541	-15119.975769	0.671	0.503	0.093	0.506	0.751	0.669	0.134	0.669
761	-13944.385936	-13944.540702	-13946.344343	-13944.540702	0.593	0.548	0.123	0.511	0.675	0.642	0.286	0.642
770	-16022.505082	-16025.271422	-16025.271422	-16025.271422	0.88	0.12	0.122	0.12	0.87	0.13	0.13	0.13
807	-17260.878784	-17261.758261	-17261.758261	-17261.758261	0.746	0.256	0.256	0.254	0.739	0.261	0.261	0.261
827	-16081.161242	-16081.174994	-16081.161241	-16081.174995	0.642	0.462	0.632	0.46	0.767	0.46	0.74	0.46
838	-13764.720728	-13765.460082	-13765.460082	-13765.460083	0.681	0.322	0.322	0.323	0.676	0.324	0.324	0.324
839	-14514.154849	-14514.270475	-14518.143807	-14514.270475	0.635	0.552	0.086	0.552	0.748	0.704	0.132	0.704
842	-17482.132223	-17482.597702	-17485.292498	-17482.597702	0.623	0.553	0.195	0.552	0.683	0.7	0.292	0.7
850	-15433.295719	-15433.301315	-15434.91211	-15433.301315	0.609	0.608	0.194	0.608	0.751	0.751	0.192	0.751
865	-16722.380777	-16723.021426	-16887.168126	-16723.021426	0.568	0.435	6e-68	0.435	0.786	0.692	0.0	0.692
907	-15125.986845	-15126.852258	-15132.310883	-15126.852258	0.724	0.39	0.027	0.389	0.792	0.59	0.053	0.59
913	-16047.52006	-16048.916109	-16049.034982	-16048.916109	0.707	0.37	0.259	0.371	0.723	0.305	0.284	0.305
914	-17858.361425	-17859.990264	-17944.379026	-17859.990264	0.782	0.218	3e-54	0.218	0.889	0.581	0.0	0.581
931	-17063.651345	-17065.690195	-17065.690195	-17064.174485	0.612	0.217	0.215	0.517	0.677	0.303	0.303	0.637
936	-12723.196471	-12724.812921	-12725.538457	-12724.812921	0.719	0.392	0.175	0.384	0.757	0.354	0.251	0.354
959	-11534.364367	-11534.364367	-11534.364408	-11534.364367	0.504	0.538	0.404	0.48	0.714	0.9	0.614	0.68
970	-17284.812616	-17284.831304	-17284.831304	-17284.831305	0.555	0.449	0.451	0.453	0.548	0.452	0.452	0.453
981	-17855.721444	-17856.050429	-17857.277247	-17856.05043	0.703	0.474	0.193	0.475	0.76	0.642	0.243	0.642
988	-12189.690881	-12189.690881	-12189.690881	-12189.690881	0.481	0.465	0.522	0.386	0.574	0.901	0.594	0.853
24	-16526.813604	-16530.826963	-16531.603511	-16530.826963	0.92	0.127	0.083	0.127	0.929	0.091	0.07	0.091
29	-15995.258793	-15996.21266	-15995.9002	-15996.21266	0.72	0.345	0.336	0.346	0.865	0.403	0.519	0.403
54	-16229.55782	-16230.874988	-16233.552181	-16230.874988	0.834	0.289	0.09	0.29	0.866	0.452	0.111	0.452
66	-16554.64342	-16555.114399	-16558.744965	-16555.114399	0.756	0.351	0.095	0.394	0.845	0.592	0.102	0.592
71	-13261.038346	-13263.848277	-13266.963325	-13261.90542	0.759	0.2	0.053	0.468	0.839	0.348	0.103	0.662
78	-14631.259919	-14636.171448	-14636.169612	-14636.171448	0.942	0.069	0.066	0.069	0.935	0.066	0.066	0.066
86	-16247.639696	-16248.757209	-16248.673778	-16248.757209	0.72	0.313	0.321	0.312	0.77	0.278	0.295	0.278
89	-11738.292646	-11738.553213	-11738.553213	-11738.553213	0.625	0.38	0.38	0.38	0.624	0.376	0.376	0.376
92	-13888.568433	-13893.190827	-13889.46767	-13889.46767	0.786	0.07	0.361	0.36	0.839	0.092	0.547	0.547
103	-15643.994372	-15648.060048	-15649.508522	-15648.060048	0.753	0.348	0.11	0.348	0.787	0.255	0.177	0.255
106	-15782.476925	-15782.703303	-15782.703218	-15782.70325	0.563	0.467	0.458	0.468	0.575	0.427	0.428	0.428
107	-16583.507556	-16583.697994	-16583.729047	-16583.697994	0.614	0.454	0.334	0.451	0.659	0.487	0.522	0.487
111	-15085.522337	-15088.029018	-15088.029018	-15088.029018	0.787	0.215	0.215	0.216	0.796	0.204	0.204	0.204
112	-12443.922097	-12444.232017	-12449.428941	-12444.232017	0.66	0.503	0.051	0.502	0.77	0.666	0.086	0.666
128	-12719.882806	-12720.270446	-12719.882806	-12720.270446	0.525	0.346	0.607	0.344	0.664	0.332	0.839	0.332
155	-16378.755832	-16380.313367	-16380.313367	-16380.313367	0.803	0.198	0.198	0.197	0.799	0.201	0.201	0.201
187	-12630.321715	-12631.857353	-12631.912931	-12631.857353	0.719	0.416	0.283	0.417	0.728	0.288	0.283	0.288
191	-14533.021611	-14534.55357	-14535.493174	-14534.55357	0.832	0.276	0.144	0.275	0.857	0.306	0.161	0.306
205	-14140.721389	-14140.721389	-14143.689815	-14140.721389	0.492	0.598	0.14	0.644	0.67	0.884	0.134	0.942
215	-16106.348004	-16106.87523	-16106.87523	-16106.87523	0.587	0.414	0.413	0.416	0.585	0.415	0.415	0.415
231	-16072.319607	-16072.847453	-16072.938014	-16072.847453	0.703	0.343	0.338	0.343	0.784	0.501	0.404	0.501
254	-16035.641182	-16037.746037	-16043.21403	-16037.746037	0.826	0.233	0.056	0.271	0.851	0.458	0.066	0.458
259	-15289.612404	-15289.612401	-15289.728561	-15289.612401	0.553	0.747	0.398	0.512	0.908	0.953	0.393	0.651
313	-16079.511865	-16080.751349	-16081.664282	-16080.751349	0.748	0.367	0.151	0.365	0.809	0.38	0.197	0.38
339	-15624.809658	-15624.809658	-15626.01234	-15624.809658	0.574	0.557	0.236	0.568	0.849	0.788	0.226	0.861
342	-15234.073133	-15234.639418	-15237.46617	-15234.639418	0.648	0.499	0.083	0.499	0.756	0.601	0.154	0.601
359	-15927.888541	-15928.588269	-15939.398386	-15928.588269	0.757	0.315	0.009	0.315	0.834	0.606	0.014	0.606
366	-15822.680372	-15822.680372	-15824.612939	-15822.680372	0.546	0.524	0.204	0.665	0.682	0.911	0.197	0.915
372	-15743.020683	-15743.528518	-15810.27228	-15746.328778	0.745	0.418	9e-06	0.108	0.909	0.781	0.0	0.472
389	-17033.775685	-17034.74559	-17035.708789	-17034.74559	0.817	0.306	0.198	0.304	0.912	0.45	0.278	0.45
411	-15373.670095	-15373.80867	-15374.328746	-15373.80867	0.63	0.472	0.304	0.495	0.806	0.557	0.472	0.557
423	-14211.146976	-14211.574615	-14211.331787	-14211.574615	0.656	0.343	0.439	0.342	0.793	0.417	0.603	0.417
424	-11999.231529	-12000.321178	-12000.903623	-12000.321178	0.804	0.299	0.21	0.299	0.874	0.418	0.271	0.418
436	-16162.6445	-16167.284602	-16165.789423	-16170.714852	0.947	0.097	0.12	0.026	0.992	0.174	0.329	0.039
442	-14073.593778	-14074.06091	-14074.060923	-14074.06091	0.702	0.298	0.3	0.3	0.686	0.314	0.314	0.314
451	-15497.88295	-15499.500967	-15499.727833	-15499.500968	0.775	0.314	0.181	0.315	0.802	0.247	0.201	0.247
456	-13928.7673	-13930.566668	-13930.566668	-13930.566668	0.827	0.174	0.175	0.174	0.819	0.181	0.181	0.181
479	-15056.332275	-15058.053525	-15060.445092	-15058.053525	0.808	0.301	0.07	0.301	0.849	0.388	0.101	0.388
482	-18528.481402	-18533.336171	-18533.328321	-18533.350432	0.897	0.122	0.137	0.134	0.895	0.109	0.108	0.108
487	-13534.595056	-13535.51015	-13535.51015	-13535.51015	0.65	0.352	0.352	0.352	0.632	0.368	0.368	0.368
493	-12374.752347	-12374.951652	-12377.938697	-12374.951652	0.688	0.509	0.105	0.509	0.777	0.682	0.141	0.682
504	-16213.905646	-16214.13071	-16214.13071	-16214.13071	0.621	0.383	0.382	0.383	0.634	0.366	0.366	0.366
507	-16507.079793	-16508.096932	-16508.096932	-16508.096933	0.77	0.234	0.234	0.232	0.757	0.243	0.243	0.243
533	-14021.65553	-14021.655519	-14021.655519	-14021.655519	0.496	0.658	0.448	0.63	0.501	0.962	0.743	0.757
545	-14578.936861	-14580.559803	-14580.559802	-14580.559802	0.679	0.313	0.323	0.298	0.69	0.31	0.31	0.31
553	-13803.454571	-13803.454571	-13803.939414	-13803.454571	0.514	0.569	0.301	0.627	0.686	0.887	0.302	0.933
575	-12539.446578	-12539.715948	-12539.72512	-12539.715948	0.653	0.413	0.328	0.514	0.675	0.358	0.364	0.358
582	-16487.175141	-16489.885246	-16489.885246	-16489.885246	0.837	0.166	0.164	0.165	0.849	0.151	0.151	0.151
587	-16241.408597	-16242.786385	-16241.953665	-16242.786385	0.734	0.264	0.384	0.261	0.824	0.303	0.56	0.303
610	-16788.300902	-16790.455562	-16791.3427	-16790.455562	0.871	0.206	0.116	0.218	0.881	0.189	0.116	0.189
640	-17263.573063	-17265.229286	-17265.229281	-17265.229273	0.723	0.287	0.288	0.286	0.723	0.278	0.278	0.278
646	-16578.040637	-16579.024428	-16581.502739	-16579.024428	0.801	0.341	0.109	0.243	0.846	0.501	0.122	0.501
670	-16564.537467	-16564.537423	-16564.537423	-16564.537423	0.501	0.546	0.576	0.542	0.495	0.851	0.887	0.614
684	-15192.236746	-15192.54425	-15192.544075	-15192.54425	0.647	0.396	0.386	0.394	0.66	0.344	0.343	0.343
718	-12967.358205	-12967.422474	-12967.902186	-12967.422474	0.654	0.498	0.291	0.494	0.759	0.697	0.341	0.697
743	-15126.893143	-15127.032116	-15127.032116	-15127.032116	0.579	0.423	0.422	0.422	0.575	0.425	0.425	0.425
769	-15284.706936	-15284.706936	-15284.706936	-15284.706936	0.489	0.508	0.439	0.46	0.671	0.775	0.877	0.629
772	-12648.357491	-12649.072713	-12658.055559	-12649.072713	0.767	0.318	0.011	0.317	0.84	0.602	0.02	0.602
794	-14496.055515	-14496.076919	-14497.090473	-14496.076919	0.607	0.586	0.229	0.588	0.714	0.735	0.291	0.735
803	-15550.169725	-15551.006724	-15552.586123	-15551.006724	0.831	0.294	0.164	0.295	0.92	0.467	0.218	0.467
810	-16373.170129	-16375.275012	-16375.876219	-16375.275011	0.834	0.261	0.153	0.262	0.85	0.212	0.156	0.212
830	-17840.191133	-17845.967793	-17845.951182	-17845.958144	0.938	0.065	0.095	0.096	0.945	0.057	0.06	0.06
852	-15340.818935	-15342.704272	-15342.704272	-15342.704272	0.829	0.173	0.174	0.172	0.832	0.168	0.168	0.168
854	-15314.316286	-15314.917273	-15315.732151	-15314.917273	0.672	0.478	0.243	0.477	0.701	0.61	0.316	0.61
878	-10770.433363	-10770.661862	-10770.934236	-10770.661862	0.646	0.434	0.315	0.452	0.746	0.602	0.379	0.602
895	-15878.700236	-15880.485307	-15880.486167	-15880.485873	0.741	0.278	0.286	0.283	0.741	0.262	0.261	0.261
937	-15002.131365	-15006.148735	-15006.659919	-15006.148735	0.895	0.164	0.088	0.164	0.924	0.124	0.083	0.124
944	-13352.497033	-13353.473865	-13354.745346	-13353.473865	0.653	0.487	0.203	0.488	0.704	0.551	0.283	0.551
961	-13457.027429	-13457.027429	-13457.027429	-13457.027429	0.458	0.507	0.505	0.391	0.804	0.58	0.678	0.883
984	-16979.929292	-16980.861958	-16980.861958	-16980.861958	0.694	0.306	0.308	0.297	0.691	0.309	0.309	0.309
7	-11746.049367	-11746.049367	-11746.049367	-11746.049367	0.501	0.435	0.457	0.495	0.574	0.849	0.767	0.754
8	-16003.410773	-16003.889216	-16003.889216	-16003.889216	0.679	0.321	0.324	0.322	0.673	0.327	0.327	0.327
9	-14093.523645	-14093.72206	-14093.72206	-14093.72206	0.563	0.438	0.44	0.44	0.572	0.428	0.428	0.428
11	-11788.533765	-11788.584175	-11790.0738	-11788.584175	0.668	0.564	0.177	0.562	0.772	0.72	0.22	0.72
12	-13183.428124	-13183.605258	-13185.781792	-13183.605258	0.716	0.408	0.146	0.486	0.805	0.65	0.182	0.65
15	-14883.670958	-14885.050988	-14885.292116	-14885.050988	0.715	0.222	0.321	0.319	0.759	0.374	0.304	0.374
85	-14144.323805	-14144.838263	-14144.838263	-14144.838263	0.678	0.322	0.322	0.324	0.659	0.341	0.341	0.341
96	-12807.792524	-12807.845506	-12807.845506	-12807.845506	0.592	0.411	0.412	0.411	0.568	0.432	0.432	0.432
102	-15427.220157	-15430.215699	-15430.280336	-15430.222155	0.86	0.194	0.185	0.191	0.874	0.131	0.13	0.13
131	-15892.169599	-15896.646923	-15896.646923	-15896.646923	0.923	0.079	0.077	0.078	0.922	0.078	0.078	0.078
137	-9868.835325	-9868.835463	-9868.835337	-9868.835463	0.573	0.173	0.616	0.213	0.692	0.399	0.73	0.35
148	-12757.378398	-12759.180475	-12762.92945	-12759.180475	0.875	0.228	0.051	0.227	0.899	0.398	0.071	0.398
178	-16320.577333	-16323.20913	-16323.209116	-16323.209117	0.856	0.147	0.147	0.148	0.862	0.138	0.138	0.138
189	-13686.546621	-13686.546621	-13694.204656	-13686.546621	0.575	0.537	0.025	0.509	0.896	0.852	0.034	0.743
240	-13384.453363	-13385.084232	-13385.084232	-13385.084232	0.709	0.291	0.293	0.293	0.712	0.288	0.288	0.288
243	-17138.085256	-17139.488984	-17139.48915	-17139.488913	0.666	0.349	0.353	0.35	0.647	0.354	0.355	0.355
255	-15607.064657	-15607.064654	-15689.515435	-15607.064654	0.509	0.471	6e-25	0.474	0.763	0.911	0.0	0.828
263	-15066.56485	-15066.56485	-15067.584	-15066.56485	0.644	0.631	0.236	0.336	0.881	0.809	0.247	0.801
346	-12366.748209	-12367.594969	-12367.594891	-12367.594969	0.724	0.277	0.277	0.278	0.742	0.258	0.258	0.258
355	-12710.057614	-12710.895169	-12710.72752	-12710.895212	0.733	0.268	0.354	0.268	0.775	0.291	0.364	0.291
363	-15934.11343	-15935.28881	-15935.28881	-15935.28881	0.78	0.223	0.223	0.224	0.775	0.225	0.225	0.225
371	-14774.149372	-14774.933456	-14775.283187	-14774.933456	0.727	0.373	0.256	0.373	0.762	0.433	0.294	0.433
385	-15099.432341	-15100.474431	-15108.804097	-15100.47443	0.736	0.352	0.022	0.351	0.824	0.576	0.03	0.576
390	-16665.829748	-16666.707209	-16666.707177	-16666.707202	0.726	0.278	0.283	0.28	0.728	0.273	0.273	0.273
397	-15122.555901	-15122.555897	-15131.28275	-15122.555897	0.539	0.51	0.017	0.536	0.791	0.884	0.018	0.823
415	-14525.632866	-14525.820882	-14526.183925	-14525.820882	0.681	0.441	0.311	0.442	0.841	0.574	0.39	0.574
450	-15494.490005	-15494.490004	-15496.037023	-15494.490004	0.612	0.557	0.198	0.551	0.757	0.863	0.192	0.884
481	-13362.81086	-13363.161389	-13363.161389	-13363.161389	0.671	0.333	0.333	0.235	0.661	0.339	0.339	0.339
494	-13662.340404	-13662.460553	-13662.460553	-13662.460553	0.623	0.382	0.381	0.383	0.606	0.394	0.394	0.394
500	-11962.259985	-11962.259982	-11966.247484	-11962.259982	0.637	0.598	0.084	0.603	0.772	0.938	0.093	0.792
514	-12972.323868	-12972.323867	-12976.586073	-12972.323867	0.539	0.659	0.076	0.526	0.686	0.857	0.093	0.961
518	-16124.606467	-16126.76731	-16132.891106	-16126.76731	0.647	0.44	0.043	0.418	0.72	0.53	0.119	0.53
527	-16635.013783	-16636.72777	-16636.72777	-16636.72777	0.693	0.308	0.308	0.308	0.695	0.305	0.305	0.305
537	-15681.060548	-15681.461476	-15686.367497	-15681.461476	0.752	0.393	0.066	0.394	0.84	0.606	0.075	0.606
551	-13511.922814	-13515.119278	-13610.396714	-13515.119278	0.843	0.16	0.0001	0.16	0.914	0.521	0.0	0.521
559	-13460.949483	-13460.969402	-13466.306212	-13460.969402	0.637	0.564	0.058	0.561	0.782	0.719	0.073	0.718
563	-15727.902412	-15730.099675	-15730.099675	-15730.099675	0.813	0.188	0.188	0.189	0.792	0.208	0.208	0.208
585	-15696.317236	-15696.539715	-15696.539715	-15696.539715	0.623	0.377	0.378	0.379	0.611	0.389	0.389	0.389
630	-14966.438528	-14966.878451	-14970.05272	-14966.878451	0.743	0.426	0.104	0.429	0.789	0.64	0.111	0.64
645	-13533.922866	-13534.125786	-13534.125786	-13534.125786	0.63	0.375	0.374	0.374	0.632	0.369	0.369	0.369
687	-14160.077307	-14160.276541	-14163.838523	-14160.276541	0.685	0.523	0.115	0.524	0.748	0.712	0.13	0.712
694	-12496.15693	-12496.254532	-12498.877942	-12496.254532	0.626	0.582	0.139	0.582	0.718	0.73	0.178	0.73
715	-15741.362796	-15741.362795	-15741.783729	-15741.362795	0.581	0.478	0.304	0.579	0.792	0.919	0.321	0.793
722	-14587.709615	-14587.709552	-14589.032469	-14587.709552	0.605	0.726	0.199	0.616	0.741	0.977	0.219	0.793
763	-16648.988883	-16651.900182	-16651.900181	-16651.900182	0.801	0.201	0.202	0.2	0.788	0.212	0.212	0.212
800	-14616.931179	-14618.625962	-14618.725828	-14618.625962	0.79	0.278	0.165	0.278	0.825	0.222	0.18	0.222
812	-14824.907398	-14826.182381	-14826.182381	-14826.182381	0.742	0.261	0.093	0.258	0.738	0.262	0.262	0.262
837	-14595.209731	-14595.537922	-14595.537922	-14595.537922	0.615	0.387	0.387	0.388	0.618	0.382	0.382	0.382
856	-15163.379396	-15165.335478	-15165.335417	-15165.33542	0.757	0.254	0.256	0.255	0.756	0.245	0.244	0.244
873	-12706.095254	-12706.095254	-12706.095254	-12706.095254	0.511	0.534	0.329	0.463	0.752	0.676	0.688	0.659
877	-12806.857904	-12807.960528	-12807.960528	-12807.960528	0.763	0.239	0.238	0.239	0.763	0.237	0.237	0.237
884	-13953.393728	-13953.453997	-13956.160827	-13953.453997	0.569	0.564	0.104	0.563	0.689	0.672	0.203	0.672
921	-15245.817267	-15245.917182	-15246.27316	-15245.917182	0.664	0.463	0.322	0.464	0.828	0.613	0.39	0.613
974	-12518.596179	-12518.738926	-12518.738926	-12518.738926	0.615	0.387	0.388	0.385	0.612	0.388	0.388	0.388
36	-10655.912173	-10655.912184	-10655.912184	-10655.912184	0.511	0.437	0.383	0.517	0.565	0.866	0.769	0.679
51	-13974.201545	-13976.191747	-13976.191747	-13976.191747	0.846	0.156	0.156	0.155	0.843	0.157	0.157	0.157
53	-9958.298348	-9958.298437	-9958.298437	-9958.298437	0.562	0.263	0.517	0.471	0.696	0.663	0.777	0.561
57	-11908.463475	-11908.896222	-11911.62384	-11908.896222	0.629	0.449	0.074	0.503	0.705	0.611	0.182	0.611
93	-12888.230043	-12888.230043	-12889.156672	-12888.230043	0.527	0.556	0.261	0.626	0.774	0.808	0.257	0.918
105	-14376.190687	-14382.236555	-14382.236336	-14382.236336	0.904	0.099	0.099	0.1	0.91	0.09	0.09	0.09
108	-12312.650126	-12314.090546	-12314.090546	-12314.090546	0.816	0.186	0.184	0.185	0.802	0.198	0.198	0.198
115	-13668.400756	-13669.088803	-13669.925331	-13669.088803	0.732	0.396	0.218	0.396	0.788	0.517	0.244	0.517
129	-13200.880259	-13200.880259	-13200.880259	-13200.880259	0.485	0.498	0.477	0.445	0.753	0.732	0.756	0.714
132	-15090.5198	-15090.888274	-15092.754372	-15090.888274	0.752	0.444	0.138	0.445	0.807	0.627	0.187	0.627
195	-13007.946256	-13008.456487	-13009.812952	-13009.857034	0.694	0.502	0.254	0.226	0.761	0.681	0.273	0.269
206	-16215.914905	-16218.289512	-16217.949793	-16217.946846	0.85	0.145	0.234	0.256	0.872	0.126	0.16	0.159
218	-13171.608881	-13174.371516	-13174.39576	-13174.371516	0.862	0.198	0.217	0.198	0.877	0.134	0.128	0.134
219	-12952.93223	-12952.93223	-12954.310451	-12952.93223	0.57	0.571	0.212	0.588	0.905	0.731	0.215	0.868
223	-13407.586221	-13407.586211	-13407.586211	-13407.586211	0.48	0.504	0.461	0.461	0.524	0.739	0.876	0.853
246	-12903.25686	-12903.374383	-12911.960179	-12903.374383	0.666	0.465	0.031	0.465	0.806	0.679	0.035	0.679
256	-15667.894548	-16054.816343	-15671.836201	-15671.951227	0.808	2e-77	0.26	0.261	0.908	0.0	0.538	0.535
281	-14654.587603	-14656.364542	-14656.364542	-14656.364542	0.669	0.333	0.334	0.331	0.681	0.319	0.319	0.319
327	-15618.194666	-15622.19724	-15621.621171	-15621.704026	0.922	0.104	0.108	0.164	0.933	0.091	0.08	0.083
367	-12213.578929	-12213.677353	-12213.677353	-12213.677353	0.592	0.414	0.413	0.413	0.597	0.403	0.403	0.403
373	-12423.988766	-12426.424576	-12427.388989	-12426.424576	0.799	0.265	0.058	0.265	0.848	0.232	0.12	0.232
377	-7882.299828	-7882.299828	-7887.273612	-7882.299828	0.466	0.246	0.059	0.766	0.609	0.869	0.079	0.927
388	-14388.328877	-14389.11796	-14389.11796	-14389.11796	0.731	0.273	0.274	0.273	0.734	0.266	0.266	0.266
398	-13427.429642	-13427.623607	-13446.318202	-13427.623607	0.64	0.399	0.001	0.399	0.799	0.689	0.004	0.689
406	-14020.367053	-14021.86843	-14024.887658	-14021.868512	0.807	0.323	0.068	0.329	0.85	0.445	0.095	0.445
444	-12855.499821	-12859.868492	-12855.525102	-12859.868493	0.643	0.064	0.553	0.064	0.762	0.085	0.726	0.085
455	-13433.098689	-13433.174905	-13439.860621	-13433.174905	0.635	0.545	0.059	0.544	0.755	0.732	0.064	0.732
464	-15728.641887	-15730.433916	-15729.882569	-15729.899721	0.791	0.199	0.299	0.345	0.913	0.31	0.396	0.396
505	-9618.081197	-9618.455435	-9618.164754	-9618.505473	0.638	0.366	0.492	0.358	0.82	0.507	0.71	0.452
516	-12776.172304	-12777.791997	-12777.791997	-12777.791997	0.793	0.208	0.208	0.207	0.778	0.222	0.222	0.222
544	-13246.165174	-13246.866057	-13246.866057	-13246.866057	0.557	0.415	0.386	0.444	0.56	0.44	0.44	0.44
561	-14118.24872	-14119.219708	-14121.716136	-14119.219708	0.818	0.336	0.128	0.334	0.827	0.538	0.155	0.538
581	-14752.869868	-14753.293827	-14753.293827	-14753.293827	0.585	0.205	0.417	0.417	0.582	0.418	0.418	0.418
603	-13416.278083	-13417.305063	-13420.639748	-13417.305063	0.811	0.336	0.092	0.335	0.842	0.522	0.1	0.522
631	-13931.490609	-13932.020185	-13932.724054	-13932.020185	0.638	0.447	0.127	0.404	0.699	0.487	0.361	0.487
648	-13479.846132	-13481.754699	-13481.754699	-13483.907932	0.774	0.35	0.35	0.21	0.836	0.478	0.478	0.226
742	-14330.026712	-14332.273699	-14332.139113	-14332.273699	0.855	0.167	0.2	0.166	0.852	0.16	0.172	0.16
744	-12167.283027	-12170.242215	-12170.242215	-12170.242215	0.884	0.117	0.117	0.118	0.884	0.116	0.116	0.116
748	-12143.011495	-12143.011495	-12143.011495	-12143.011495	0.474	0.493	0.478	0.47	0.691	0.817	0.8	0.66
773	-11721.776769	-11721.887402	-11725.17289	-11721.887402	0.615	0.581	0.111	0.581	0.726	0.731	0.145	0.731
