tree	PolySolver_dlc	PolySolver_nad	PolySolver_dup	PolySolver_lost	PolySolver_rf	PolySolver_maxrf	PolySolver_dinl	PolySolver_p-val	PolySolver_time	ML_time	total_polytomy	polysolver_nsol	best_sol_aLRT	is_bestrf	best_rf
225	11	0	8	24	12	83	0.990471	0.250311	1.42653393745	3.19171094894	8	1	-39282.228755	True	12
684	6	0	9	29	16	83	6.06675	0.0608814	0.588841915131	7.03723978996	7	1	-28757.594625	True	16
4	3	0	3	2	4	71	3.84959	0.0929931	0.562685012817	8.017608881	4	1	-33174.156469	True	4
503	10	0	8	19	14	76	1.82048	0.240026	0.541400909424	7.33552002907	6	1	-29312.001848	True	14
79	12	0	8	11	8	71	1.48249	0.213485	0.759197950363	8.99316191673	6	1	-36119.116851	True	8
716	7	0	4	12	14	74	8.28888	0.027767	0.524169921875	6.85130786896	5	1	-38616.324774	True	14
922	8	0	8	26	14	74	2.70016	0.145451	0.542640924454	8.32253408432	6	1	-33001.740628	True	14
424	10	0	8	18	16	73	29.1344	0.000252926	0.549706935883	7.98718595505	4	2	-37772.785705	True	16
200	8	0	4	11	8	67	2.8942	0.187073	0.715671062469	5.46857190132	7	1	-30629.624536	True	8
677	5	0	8	20	10	66	3.44312	0.223349	0.702353954315	7.78530287743	6	1	-33361.368332	True	10
789	12	0	4	14	12	67	2.56063	0.214825	0.770756959915	6.96816778183	8	1	-27930.383698	True	12
929	9	0	6	22	14	68	4.56292	0.0756966	0.508801937103	6.60544300079	7	1	-27474.805444	True	14
277	6	0	4	2	4	59	17.7565	0.00436705	1.14597606659	4.7039000988	5	1	-29563.465758	True	4
881	6	0	6	0	0	57	2.84378	0.198685	0.46103811264	6.55203294754	3	1	-34686.901865	True	0
145	4	0	4	15	10	60	3.95839	0.0792607	0.512784957886	7.882833004	5	1	-28098.501213	True	10
403	8	1	4	9	6	58	1.52378	0.193873	1.72275400162	6.49284815788	5	1	-27568.686073	True	6
125	8	0	8	31	14	60	1.1065	0.332099	0.609432935715	5.53278779984	5	1	-22127.967483	True	14
155	9	0	5	12	8	57	0.787397	0.317949	0.505462884903	6.12445998192	7	1	-25069.980203	True	8
493	10	0	6	13	10	58	4.28362	0.10493	1.56608200073	6.8853290081	6	1	-29686.043871	True	10
104	6	0	6	23	12	57	2.21775	0.165444	0.49439907074	5.58232116699	3	1	-21337.833479	True	12
118	9	0	5	13	10	56	2.85048	0.176894	1.7455098629	6.00674200058	6	1	-22242.938464	True	10
313	7	2	3	8	6	54	0.279173	0.356458	2.17281007767	4.80653095245	4	1	-24224.582441	True	6
139	3	0	7	27	12	55	0.63089	0.317118	0.629085063934	3.01691389084	4	1	-23214.031065	True	12
146	6	0	4	19	12	55	3.46478	0.10907	1.25893592834	6.16814208031	6	1	-25958.371993	True	12
338	3	0	3	5	4	51	3.00715	0.132926	0.503072977066	6.46108293533	7	1	-25795.150293	True	4
427	9	1	2	7	32	65	136.286	2.45728e-14	0.488550901413	6.29508209229	3	1	-31236.432164	True	32
488	4	0	3	7	6	52	2.62259	0.224127	1.99052405357	3.33907485008	6	1	-25607.915889	True	6
542	8	0	5	20	12	55	7.60498	0.0454675	1.95231604576	5.24696516991	4	1	-21216.282673	True	12
725	6	0	4	18	12	55	5.44282	0.0547752	1.10917901993	6.0704190731	3	1	-26370.622209	True	12
752	6	0	3	11	10	54	9.42504	0.0234086	0.477180957794	6.15620589256	4	1	-26309.703136	True	10
810	5	0	5	22	12	55	1.53435	0.20714	1.62805604935	6.11254906654	5	1	-23632.758397	True	12
927	8	0	7	17	14	56	0.838502	0.302198	1.55153512955	5.54067111015	5	1	-23639.35157	True	14
941	11	1	4	11	10	54	6.78905	0.0399627	0.521976947784	5.63423585892	4	1	-23916.403241	True	10
948	6	0	4	10	10	54	32.0239	0.000514269	0.749142169952	5.85853505135	3	1	-23324.61485	True	10
20	3	0	3	0	2	48	5.70799	0.0537661	2.18102097511	5.72011899948	3	1	-20404.72919	True	2
81	14	1	3	15	18	56	47.1281	3.55051e-05	1.60496306419	4.45739912987	4	1	-19191.331725	True	18
121	11	3	4	20	10	52	2.64041	0.16637	1.1918990612	5.1908428669	5	1	-23316.471621	True	10
194	9	0	5	15	14	54	14.1647	0.00835059	0.505559206009	5.62638497353	4	1	-22017.676485	True	14
295	4	0	5	17	8	51	4.4282	0.0869595	1.62512016296	6.23890590668	4	1	-25188.292503	True	8
315	7	0	6	22	10	52	0.066549	0.428049	1.13013076782	6.46597909927	5	1	-25554.856013	True	10
349	8	0	6	2	0	47	0.61671	0.303763	1.26209616661	5.9980840683	3	1	-27430.492379	True	0
506	6	0	4	7	4	49	0.880784	0.395155	1.15420794487	5.92634296417	3	1	-23077.955782	True	4
530	8	3	3	15	8	51	0.336816	0.338397	0.581027030945	5.1136431694	6	1	-24930.253736	True	8
561	2	1	4	20	10	52	1.01095	0.243746	0.536022901535	5.12064599991	4	1	-22954.075748	True	10
620	5	1	3	5	2	48	0.48438	0.308864	0.44575715065	5.68295121193	3	2	-24204.686507	True	2
721	6	0	4	10	14	54	122.012	7.26054e-13	0.488486051559	2.98853802681	3	1	-27474.232515	True	14
722	2	5	2	25	10	52	-1.04374e-08	0.500017	1.18923401833	6.44261908531	3	1	-24272.399057	True	10
780	4	0	5	15	8	51	2.25315	0.153795	1.15378880501	3.86361503601	4	1	-22726.433421	True	8
796	2	0	2	0	0	47	4.54948	0.0696191	1.26815915108	6.18478703499	3	1	-25959.317958	True	0
22	7	0	4	11	10	50	5.41892	0.0977339	0.477973937988	5.16411089897	4	1	-21573.524686	True	10
32	5	0	5	18	8	49	0.676818	0.328168	1.57890295982	4.71879291534	5	1	-21523.21389	True	8
59	5	4	1	21	10	50	1.6653	0.342001	1.39084196091	5.52297306061	5	1	-24252.704295	True	10
84	8	0	3	6	10	50	63.4232	1.4748e-07	1.41619515419	5.53538513184	3	1	-26016.155465	True	10
233	3	0	2	1	0	45	1.74148	0.289376	1.02650380135	5.15904998779	3	1	-22611.90608	True	0
240	7	0	3	5	8	49	7.502	0.0509118	1.2337269783	5.15872883797	4	2	-23105.392028	True	8
341	2	0	1	1	8	49	8.80164	0.0285241	0.83132314682	5.87107515335	2	2	-27075.409083	True	8
435	7	4	2	22	10	50	0.0996958	0.41226	2.01489400864	4.35238718987	4	1	-18698.916382	True	10
446	8	3	2	19	10	50	3.34654	0.148844	1.70191383362	5.00568294525	4	1	-21379.783933	True	10
573	6	1	1	5	6	48	5.00085	0.118006	3.29123497009	5.00277900696	3	1	-22589.29	True	6
603	6	3	1	18	10	50	4.35611	0.0717541	0.511272192001	4.2271130085	5	1	-28145.307099	True	10
723	3	0	2	6	4	47	2.01689	0.298786	0.480006933212	5.70768284798	5	1	-24145.280018	True	4
832	8	2	6	25	12	51	1.48372	0.204434	2.67218995094	4.99603819847	4	1	-20509.54569	True	12
899	9	0	3	7	12	51	145.33	9.60507e-15	1.23458194733	4.90329313278	2	1	-26351.454642	True	12
947	8	0	3	13	16	53	17.8916	0.00586045	0.470566987991	5.75549697876	4	1	-24256.490311	True	16
33	11	1	3	8	6	46	9.91409	0.017287	0.900202035904	4.77729105949	4	1	-23651.807442	True	6
99	2	1	1	4	2	44	2.97587e-09	0.499995	1.47625207901	4.02987885475	4	1	-18971.934694	True	2
177	5	0	7	25	12	49	2.57404	0.164691	1.68265008926	5.15172696114	5	1	-20647.458007	True	12
178	7	1	4	28	14	50	2.527	0.217465	0.457319021225	4.7119410038	4	1	-17657.624796	True	14
437	4	2	2	9	4	45	1.86456	0.197486	1.35194516182	5.77542519569	3	2	-22984.033496	True	4
558	4	0	2	2	0	43	5.43321	0.0605892	1.39647293091	5.16048717499	4	1	-23494.947627	True	0
628	6	0	4	14	6	46	2.48369	0.171294	2.96677088737	5.28044819832	5	1	-22321.628948	True	6
657	6	0	6	22	14	50	6.09071	0.0457236	1.59601998329	4.24884009361	3	1	-17768.333582	True	14
842	12	0	4	13	12	49	10.1777	0.0234752	1.50959920883	5.3037610054	5	1	-22142.036873	True	12
946	9	5	5	29	16	51	22.9546	0.000785363	1.27655410767	2.52669405937	5	1	-22929.079842	True	16
978	6	0	2	5	10	48	2.97645	0.14897	1.13885593414	4.45174813271	3	1	-18135.304859	True	10
0	7	0	6	23	10	46	3.49843	0.0991956	0.429483890533	4.47778487206	4	1	-19401.817292	True	10
73	5	1	4	4	2	42	2.62323	0.149842	1.61789488792	3.82000684738	4	1	-18697.962588	True	2
185	7	1	3	15	10	46	3.19729	0.127208	0.771742105484	4.04338002205	3	1	-15604.677712	True	10
218	3	2	4	24	12	47	1.06553	0.236824	1.37088704109	5.07932114601	4	1	-20264.576573	True	12
290	2	0	1	1	0	41	1.08451	0.353125	2.35764503479	4.86665701866	4	1	-23261.668674	True	0
504	4	0	3	7	8	45	17.0496	0.00330177	1.90336108208	4.46253204346	5	1	-20863.017184	True	8
539	4	0	3	6	4	43	2.54539e-05	0.451838	1.08155107498	4.97346186638	3	1	-19171.090496	True	4
574	7	1	3	9	8	45	1.38453	0.278846	0.641869068146	4.58341097832	4	1	-19568.178276	True	8
611	2	5	2	25	12	47	2.50727	0.286894	1.71667408943	4.65762591362	2	1	-19429.336065	True	12
637	8	2	3	11	16	49	193.731	1.81504e-21	1.70143795013	4.87494301796	3	1	-23928.324819	True	16
688	5	0	2	4	10	46	4.97437	0.137365	2.28132295609	4.76359200478	4	1	-23319.281692	True	10
731	7	2	2	11	12	47	10.276	0.0175605	2.03739905357	5.06384086609	4	1	-21220.1156	True	12
733	12	1	4	8	6	44	3.44519	0.102681	1.0946559906	5.31230902672	4	1	-21272.734003	True	6
751	12	2	3	12	10	46	0.745926	0.309402	3.02485585213	5.105437994	4	1	-22444.953058	True	10
758	4	2	3	8	4	43	0.139835	0.459719	0.461420059204	5.09683895111	4	1	-24561.674502	True	4
802	4	0	1	4	2	42	0.357912	0.396618	1.1730401516	2.53079390526	3	1	-23710.008623	True	2
815	7	0	3	14	10	46	3.88918	0.0932492	1.66664791107	4.71537899971	4	1	-19789.133335	True	10
857	7	4	3	21	10	46	5.6906	0.0636687	0.591480970383	4.80540108681	5	1	-21002.667176	True	10
866	11	1	3	16	12	47	8.67935	0.0359071	1.16099905968	4.56222701073	6	1	-16251.74871	True	12
931	5	0	4	17	12	47	22.2657	0.0022768	0.445535898209	4.4686961174	3	1	-20612.335709	True	12
939	9	0	5	22	12	47	1.29787	0.258884	2.44037914276	4.96954083443	4	1	-19836.414638	True	12
56	6	2	1	11	12	45	13.4705	0.0202428	0.45018196106	4.05959701538	3	1	-18808.58766	True	12
74	8	3	3	18	10	44	6.43093	0.122058	1.50640916824	4.14923405647	3	1	-16302.577662	True	10
133	5	1	4	21	14	46	2.1462	0.204629	0.47664308548	4.55976605415	3	1	-20163.054329	True	14
269	9	0	2	8	14	46	102.861	7.88185e-12	1.85163784027	2.28678798676	3	1	-22892.247247	True	14
305	10	1	3	7	6	42	5.38803	0.0637486	0.679201841354	5.00473499298	4	2	-18487.596466	True	6
351	4	0	3	1	0	39	1.35574	0.311824	0.381584882736	4.0336830616	2	1	-21212.069897	True	0
372	3	1	2	13	10	44	2.39152	0.208196	1.20510196686	4.47012996674	4	1	-17695.752418	True	10
386	9	3	2	20	10	44	5.17024	0.093978	0.422348022461	4.13566684723	4	1	-20207.255557	True	10
389	1	0	1	0	0	39	6.73727e-06	0.49783	1.10296010971	4.92478394508	3	1	-18399.770051	True	0
439	8	1	3	5	6	42	0.212008	0.41276	2.0156390667	4.549451828	4	1	-18370.596355	True	6
441	8	0	5	19	14	46	7.7139	0.0712942	0.975744962692	4.65093493462	3	1	-21368.438903	True	14
453	5	2	1	9	10	44	4.28744	0.187918	2.7075009346	5.07553005219	3	1	-19411.696685	True	10
525	5	2	3	25	12	45	-8.00639e-07	0.500207	1.30941200256	4.29603385925	4	1	-17009.607377	True	12
547	9	4	2	25	10	44	1.04527	0.248522	1.4735019207	3.95920801163	4	1	-20392.594171	True	10
683	5	2	1	12	8	43	0.338954	0.344335	0.451622009277	4.39731287956	3	1	-16829.427434	True	8
728	7	2	3	19	10	44	1.2752	0.223754	0.517472982407	4.86072278023	5	1	-19702.007402	True	10
793	7	3	2	18	10	44	2.72515	0.156548	1.00311279297	2.37661385536	3	1	-23463.465356	True	10
826	3	0	2	1	0	39	1.5501	0.224264	1.39373087883	2.0374019146	2	1	-23905.706695	True	0
845	8	4	4	21	10	44	1.34232	0.23699	0.522033929825	4.39421010017	4	1	-17589.400887	True	10
884	9	1	2	7	6	42	3.96166	0.100257	0.502772092819	4.68035888672	4	1	-19233.662562	True	6
892	4	5	4	25	10	44	0.794236	0.333242	1.72748804092	3.58901309967	4	1	-12907.818162	True	10
988	3	0	4	17	8	43	3.35039	0.106828	1.2800719738	4.53657984734	5	1	-22904.168254	True	8
8	8	1	2	6	6	40	4.54353	0.075417	1.09846615791	2.74422311783	3	1	-22481.231417	True	6
26	7	2	3	8	6	40	1.60932	0.228832	0.529409885406	3.71432304382	4	1	-18116.645647	True	6
54	6	4	2	21	10	42	0.828612	0.273988	1.11282110214	4.61215400696	6	1	-21355.604929	True	10
117	6	3	2	15	8	41	4.40739	0.0989529	0.482851982117	4.44076299667	4	1	-19896.772019	True	8
157	2	3	1	15	6	40	0.584596	0.300418	1.91213202477	3.90293598175	3	1	-21655.194559	True	6
166	7	1	3	23	12	43	6.74304	0.0425093	1.12303090096	3.9675719738	3	1	-18269.401223	True	12
219	2	0	1	1	0	37	-1.09249e-08	0.500017	1.36910796165	4.36825895309	2	1	-18431.943147	True	0
234	9	3	3	19	10	42	5.1019	0.103694	1.66447091103	4.65023088455	3	1	-19090.004237	True	10
245	3	0	3	0	2	38	11.2288	0.0125916	0.402857065201	1.7410929203	2	1	-22329.928406	True	2
253	7	1	3	23	12	43	3.53796	0.104689	2.22264504433	3.99354887009	3	1	-17615.819871	True	12
259	9	2	3	13	12	43	41.0851	1.92454e-05	1.11968588829	3.82616400719	3	1	-20722.306879	True	12
298	8	2	3	11	8	41	2.12054	0.202222	1.15722799301	4.5898809433	3	1	-17969.803177	True	8
300	3	2	1	10	4	39	1.9381	0.185301	1.66951704025	2.22579884529	4	1	-21269.143434	True	4
301	11	2	2	12	10	42	1.85484	0.317701	2.21086812019	4.21492290497	4	1	-16613.524853	True	10
312	7	1	1	10	10	42	7.59149	0.0403595	0.423738956451	3.48331999779	4	1	-17668.38233	True	10
362	6	4	2	21	14	44	4.50639	0.078321	1.81942915916	4.787307024	4	1	-18187.842785	True	14
382	8	3	3	18	10	42	4.33038	0.0765397	1.63668107986	4.42464399338	3	1	-20175.890559	True	10
393	9	0	3	7	12	43	210.588	9.9735e-18	1.0873041153	3.87763381004	2	1	-21180.14466	True	12
431	9	4	2	24	10	42	1.61596	0.193976	3.55896687508	2.88588190079	4	1	-21082.877991	True	10
454	8	2	2	14	8	41	0.271599	0.360058	1.76734209061	3.9165790081	4	1	-16177.967888	True	8
474	8	2	2	17	14	44	3.36529	0.139177	1.95849585533	3.83413720131	4	1	-14630.849014	True	14
480	7	4	2	22	10	42	5.76367	0.0521953	0.467967987061	4.34949207306	4	1	-20923.823349	True	10
486	8	2	3	23	12	43	-0.0164552	0.514943	1.82366299629	4.86200594902	4	1	-15786.662894	True	12
555	7	1	1	10	8	41	8.59698	0.0406367	1.52006006241	4.34243202209	3	1	-20533.365165	True	8
588	7	2	2	11	12	43	4.72924	0.139885	2.02105689049	4.27567911148	5	1	-19667.537301	True	12
678	9	2	3	14	8	41	1.30279	0.307701	1.27944397926	4.33542203903	5	1	-20460.844759	True	8
698	2	3	2	23	10	42	1.15688e-09	0.499998	0.666644096375	3.6172721386	2	1	-17029.985069	True	10
712	8	0	3	12	8	41	0.599223	0.308778	1.90029788017	4.29925203323	5	1	-18532.528001	True	8
760	11	2	2	12	10	42	2.03814	0.177325	3.93740391731	4.27167510986	5	1	-18979.630723	True	10
768	6	2	2	19	10	42	0.543975	0.35827	0.411296129227	3.81282496452	4	1	-19421.134944	True	10
798	8	4	3	26	12	43	4.93895	0.134326	1.21672391891	4.72154712677	3	1	-20162.099026	True	12
806	8	1	3	5	6	40	1.61413	0.198712	1.22060489655	4.38983011246	5	1	-20136.196151	True	6
829	11	2	2	12	10	42	8.49128	0.0396199	1.2513051033	4.19520497322	5	1	-19814.71354	True	10
838	8	3	3	18	10	42	10.3444	0.0142117	1.41176319122	4.25469398499	3	1	-21208.476804	True	10
923	9	1	3	6	6	40	2.6122	0.173384	0.434103965759	4.42351102829	4	1	-20762.748565	True	6
21	7	3	2	18	10	40	2.05771	0.171782	0.426124095917	3.78513789177	4	1	-17174.757838	True	10
91	6	1	2	4	4	37	3.09661	0.121166	1.40566205978	3.92410206795	4	1	-18194.525391	True	4
108	7	1	2	5	6	38	1.41677	0.25007	1.16629695892	4.54175782204	4	1	-18699.856736	True	6
115	8	3	1	20	10	40	2.0478	0.222581	0.806580066681	4.02398300171	3	1	-18216.668611	True	10
150	2	0	2	0	0	35	-0.000465386	0.506146	1.2665810585	4.11212396622	2	1	-19797.29191	True	0
153	7	3	2	18	10	40	15.7286	0.00501938	1.54928207397	2.37918710709	3	1	-20179.277569	True	10
176	2	2	2	7	4	37	1.31264	0.216639	0.534813165665	3.48327493668	4	1	-17171.507027	True	4
196	10	3	2	16	10	40	7.89382	0.0529969	0.880786180496	4.11597204208	4	1	-17983.080059	True	10
204	4	1	3	22	10	40	1.58758	0.232849	1.88433694839	4.14533805847	5	1	-15132.20812	True	10
243	2	1	2	3	2	36	0.358155	0.339266	0.408722877502	4.05920910835	3	1	-16821.023555	True	2
282	6	0	2	4	6	38	-1.29894e-08	0.500016	1.07295489311	3.33096718788	3	1	-13647.747635	True	6
329	8	0	2	7	8	39	24.064	0.00117077	1.13659787178	4.29751896858	3	1	-17709.605841	True	8
345	13	2	3	13	10	40	5.74772	0.0635011	0.451987028122	4.37242102623	5	1	-19762.158841	True	10
373	3	2	2	20	8	39	1.16986	0.227501	0.434233903885	3.73358201981	3	1	-14892.687562	True	8
378	3	2	2	9	4	37	1.46801	0.287051	2.00806188583	3.88091802597	3	1	-20556.954563	True	4
407	4	3	3	15	6	38	0.766698	0.27325	0.398674964905	3.57640695572	4	1	-15982.162661	True	6
469	5	4	1	21	14	42	4.37735	0.156224	0.799515962601	3.33872413635	5	1	-13363.63754	True	14
471	7	3	2	18	10	40	2.82506	0.338929	1.32976198196	3.42557096481	4	1	-15057.737312	True	10
473	9	1	3	6	6	38	11.7923	0.0214031	1.61745810509	4.25983786583	4	1	-19292.245899	True	6
482	6	4	2	21	10	40	5.18395	0.093965	0.434771060944	3.7784538269	5	1	-16314.554188	True	10
492	9	2	3	12	8	39	5.24776	0.123156	2.00904297829	4.32918596268	3	1	-18638.377729	True	8
499	9	2	3	12	8	39	2.52712	0.276132	0.405157804489	3.98253798485	3	1	-18262.851942	True	8
528	1	0	1	0	0	35	0.02709	0.453804	1.45251321793	4.30280804634	2	1	-19612.070791	True	0
560	7	2	3	27	12	41	1.02147	0.257009	1.18275403976	2.73604488373	4	1	-11510.613452	True	12
592	7	3	2	16	8	39	1.38677	0.238585	1.26702904701	4.40050411224	5	1	-18144.752934	True	8
596	6	3	2	14	8	39	2.10704	0.166393	2.35261201859	4.14322280884	5	1	-17984.74599	True	8
598	7	2	1	15	8	39	3.20799	0.144343	0.771682977676	3.23809909821	3	1	-18951.719106	True	8
602	6	4	2	21	10	40	1.25763	0.223516	1.62696790695	3.89991402626	4	1	-17127.131209	True	10
643	9	3	3	19	12	41	10.7323	0.00910873	1.63810920715	4.00169205666	4	1	-17814.928344	True	12
668	2	5	2	25	10	40	1.44973e-09	0.499997	0.480645895004	3.7249610424	2	1	-15355.19632	True	10
695	9	1	2	7	10	40	81.4373	1.29997e-08	0.519546985626	3.30947899818	2	1	-20330.986852	True	10
703	6	4	2	22	10	40	1.8819	0.201755	1.45000100136	4.1368432045	4	1	-17743.447517	True	10
717	2	0	1	1	0	35	2.83175	0.203912	0.803102970123	4.29618406296	2	1	-22368.785071	True	0
720	10	3	2	11	8	39	3.23165	0.103446	1.31721901894	4.86308693886	4	1	-19380.413938	True	8
755	6	4	2	21	10	40	0.492711	0.411958	1.4956138134	3.41590309143	4	1	-16353.900614	True	10
799	5	0	4	11	8	39	2.50158	0.136841	0.431091070175	4.19141507149	6	1	-18429.178447	True	8
822	7	2	2	11	8	39	2.53426	0.148728	0.849539995193	4.26547694206	4	1	-18272.079713	True	8
849	1	1	1	3	4	37	2.03831	0.183704	0.78467798233	4.17241096497	3	1	-19631.645558	True	4
895	11	2	2	12	10	40	6.07034	0.052085	1.21111702919	4.17115902901	6	1	-19221.752073	True	10
910	2	3	2	12	6	38	0.434271	0.34474	1.13806891441	4.04835987091	3	1	-17278.125151	True	6
913	6	2	1	11	12	41	6.10133	0.05615	1.97543287277	4.12787008286	4	1	-16774.399359	True	12
918	7	1	3	23	10	40	1.60174	0.200213	0.470499038696	4.17957496643	2	1	-15285.921584	True	10
972	6	2	1	11	12	41	7.35753	0.0526222	1.47060394287	3.88733720779	4	1	-17581.821341	True	12
973	6	4	2	21	10	40	0.321103	0.346908	0.508605003357	4.0879919529	5	1	-18678.762523	True	10
984	7	3	2	18	10	40	2.04096	0.178948	0.415387868881	3.8384270668	2	1	-18794.903702	True	10
1	7	1	2	16	8	37	1.77383	0.186193	3.39713692665	3.4696199894	5	1	-13324.673667	True	8
18	8	2	2	12	8	37	5.11648	0.0842219	0.824125051498	3.52217006683	3	1	-16754.08823	True	8
23	10	2	1	12	10	38	4.16496	0.136795	1.12768721581	3.76398992538	4	1	-18180.357353	True	10
28	6	2	1	11	8	37	1.57773	0.194272	0.453002929688	3.76346302032	3	1	-15236.046985	True	8
43	6	2	1	11	8	37	1.72445	0.248125	1.27313804626	3.69341492653	3	1	-17405.595313	True	8
45	5	4	1	21	10	38	3.19216	0.110394	0.447249889374	4.08815002441	4	1	-18726.784594	True	10
67	6	2	1	11	8	37	1.75925	0.231874	0.44510102272	3.74100112915	4	1	-16002.599941	True	8
76	8	3	2	16	8	37	0.83627	0.26384	0.957649946213	1.75529003143	5	1	-19112.093041	True	8
83	5	1	1	4	4	35	3.50604	0.0987717	1.06653404236	4.2372469902	3	1	-18315.290919	True	4
93	6	3	1	18	10	38	0.414484	0.326232	0.408017158508	3.71668481827	4	1	-17483.100621	True	10
95	5	3	1	15	8	37	0.0851177	0.417761	2.07585716248	3.45235490799	5	1	-16129.856607	True	8
113	9	1	2	7	6	36	2.55854	0.132492	2.18112421036	3.50224113464	5	1	-16932.519449	True	6
123	5	4	1	21	10	38	9.78616e-10	0.499998	1.45470118523	3.32587409019	4	1	-13206.481212	True	10
124	7	3	2	15	8	37	0.525623	0.306855	0.789014101028	3.33399295807	4	1	-16536.101894	True	8
135	6	4	1	26	12	39	2.5934	0.131218	1.16791892052	3.057502985	4	1	-16503.277709	True	12
141	5	4	1	21	10	38	0.176166	0.419663	1.52460193634	3.81989908218	5	1	-15957.504308	True	10
154	1	1	1	3	2	34	0.509005	0.315765	1.17394590378	3.79623413086	2	1	-16613.860064	True	2
156	1	0	1	0	0	33	2.76226	0.164264	0.797885894775	3.42353796959	1	1	-20486.326738	True	0
164	7	2	1	12	8	37	0.141063	0.440044	1.2991900444	3.8490960598	4	1	-18495.928689	True	8
172	5	3	1	14	8	37	-5.48864e-05	0.502079	0.624936819077	3.59649205208	4	1	-16956.28948	True	8
198	6	3	1	18	10	38	0.904722	0.253859	1.40826201439	4.341547966	3	1	-16751.985824	True	10
202	5	2	1	8	6	36	1.69581	0.192557	1.29815816879	4.16770410538	4	1	-18531.092347	True	6
207	5	4	1	21	10	38	3.27339	0.153098	0.881581068039	3.75163388252	5	1	-18028.509153	True	10
232	5	4	1	21	10	38	0.016728	0.463665	2.08677196503	3.34892296791	4	1	-14509.216869	True	10
244	9	1	2	7	8	37	44.6535	1.9948e-05	1.52602791786	3.9291369915	3	1	-16906.730565	True	8
251	10	1	2	8	10	38	50.5078	2.57176e-06	1.10700488091	3.23602795601	4	1	-17872.885168	True	10
271	6	0	4	18	12	39	0.896094	0.257892	1.21425294876	3.37444901466	3	1	-14313.280136	True	12
276	3	0	2	1	0	33	1.3526	0.253081	0.398256778717	3.72676205635	1	1	-15492.080116	True	0
286	6	3	1	18	10	38	7.27073	0.0386601	2.55464100838	3.36159706116	4	1	-15128.762215	True	10
292	1	0	1	0	0	33	3.11737	0.134517	0.469941139221	3.47009301186	2	1	-17917.397257	True	0
296	6	3	1	18	10	38	4.36485	0.0853767	1.20150113106	3.72453093529	3	1	-15941.105236	True	10
308	5	2	1	8	6	36	2.81779	0.124747	1.26818394661	3.85753703117	4	1	-17494.100585	True	6
316	10	2	1	12	10	38	5.54552	0.0660007	0.926232099533	3.77462506294	4	1	-16010.241556	True	10
330	2	0	1	1	0	33	4.04454	0.117566	2.10205984116	3.81846785545	3	1	-18797.158689	True	0
340	7	1	2	5	4	35	1.75046	0.185231	0.800850152969	3.27233409882	4	1	-14281.73636	True	4
352	9	3	1	15	10	38	0.212822	0.378892	2.74905991554	2.74591088295	5	1	-11579.502952	True	10
358	9	3	1	16	10	38	4.87952	0.0702732	1.10016489029	3.30079293251	4	1	-16279.944344	True	10
359	6	2	1	11	8	37	10.9563	0.0213097	1.04870200157	3.51973199844	4	1	-18071.272339	True	8
360	6	3	1	18	10	38	2.56007	0.141704	0.452278852463	3.74991989136	4	1	-18209.943897	True	10
369	5	4	1	22	10	38	1.75191	0.172851	0.865659952164	3.78341197968	3	1	-18575.077109	True	10
388	1	0	1	0	0	33	0.394692	0.403682	1.21484804153	3.87152004242	3	1	-17237.665937	True	0
391	6	1	1	5	6	36	2.52957	0.135583	1.1187441349	3.33392190933	3	1	-17044.213399	True	6
392	8	3	2	19	10	38	3.13989	0.151953	1.41465401649	4.04589986801	4	1	-16873.904328	True	10
413	10	2	1	12	10	38	8.51388	0.025365	2.19333577156	3.67430281639	5	1	-17137.75815	True	10
422	7	2	2	9	6	36	3.56279	0.0949351	0.43789100647	2.37874889374	4	1	-17716.200819	True	6
434	8	3	2	19	10	38	1.99593	0.137546	1.2172498703	2.23229503632	3	1	-18163.295035	True	10
462	9	3	3	19	8	37	4.01601	0.078893	0.646372079849	3.54510402679	3	1	-18124.006294	True	8
464	6	1	1	5	6	36	2.59854	0.146375	0.827867984772	1.79020881653	3	1	-19915.46697	True	6
465	6	1	1	5	6	36	2.51746	0.238092	1.10318303108	4.62822389603	3	1	-18716.515465	True	6
466	6	3	1	18	10	38	2.86428	0.123902	1.41011404991	4.27930116653	4	1	-16836.292394	True	10
497	6	1	1	5	6	36	4.54169	0.0768945	1.55948901176	3.76980400085	4	1	-17097.742465	True	6
498	6	3	1	18	10	38	2.78765	0.192608	1.40661382675	3.07330989838	3	1	-15743.919273	True	10
507	1	0	1	0	0	33	3.20168	0.097757	1.75157094002	3.78701090813	2	1	-18918.128951	True	0
510	9	2	2	13	6	36	0.129024	0.402762	1.15817499161	3.10060715675	4	1	-15258.542925	True	6
526	5	4	1	21	10	38	0.778535	0.319407	1.42310094833	4.48599696159	4	1	-18881.684037	True	10
536	5	4	1	21	10	38	1.58007	0.213656	0.437272071838	3.60425615311	4	1	-16171.150457	True	10
543	6	1	1	5	6	36	1.3328	0.244713	1.28925800323	3.61770510674	3	1	-13745.324328	True	6
549	6	2	1	11	8	37	4.10762	0.0881165	0.441210985184	3.62520098686	4	1	-17820.096551	True	8
557	3	3	2	15	6	36	4.02613	0.104602	1.25332713127	2.02663588524	5	1	-17492.032082	True	6
567	7	1	1	6	4	35	1.193	0.288669	1.16477012634	4.06943702698	4	1	-15073.804113	True	4
575	7	2	2	9	6	36	3.05901	0.11133	1.67720103264	3.77441716194	4	1	-15894.501705	True	6
584	1	0	1	0	0	33	1.35213	0.317702	1.97665691376	3.39058709145	2	1	-20360.110956	True	0
590	5	2	1	8	6	36	5.31961	0.0872172	0.456651926041	3.6335849762	4	1	-18079.845883	True	6
595	6	3	1	18	10	38	7.16697	0.0325172	2.56301116943	4.24891090393	4	1	-19196.239019	True	10
601	8	1	2	6	6	36	4.83362	0.0698433	0.454171895981	3.53465390205	3	1	-17154.569712	True	6
623	2	0	1	1	4	35	24.1739	0.00132524	1.12738990784	4.06298589706	2	1	-19003.205493	True	4
624	6	1	1	5	6	36	2.89363	0.120767	1.03152608871	1.31520605087	4	1	-18916.608485	True	6
629	6	1	1	5	6	36	7.10179	0.0436491	0.447587966919	3.77869391441	3	1	-18947.037334	True	6
633	8	1	2	6	6	36	3.28459	0.10779	2.09064602852	4.14657783508	3	1	-18489.364531	True	6
635	10	2	1	12	10	38	7.55796	0.049184	2.00856208801	1.96048402786	4	1	-18872.327138	True	10
656	1	0	1	0	0	33	0.168811	0.379207	1.49939608574	1.64316892624	2	1	-19286.890503	True	0
658	9	3	1	15	10	38	3.15783	0.125249	0.693089962006	3.53876399994	5	1	-15257.367383	True	10
672	3	3	2	13	6	36	4.79849e-09	0.499994	1.06504702568	3.52674412727	3	1	-15401.570619	True	6
676	1	1	1	3	2	34	0.474488	0.325771	1.37177491188	3.72396492958	3	1	-17059.704346	True	2
679	6	3	1	18	10	38	2.80638	0.12302	1.46630096436	4.45354104042	3	1	-19727.885499	True	10
691	10	2	1	12	10	38	5.99407	0.0997564	0.443682909012	3.55427098274	6	1	-17605.395622	True	10
694	1	0	1	0	0	33	0.634077	0.370726	3.0447101593	1.85698199272	3	1	-19233.120063	True	0
704	1	0	1	0	0	33	0.69975	0.341739	0.460535049438	3.80029892921	2	1	-19802.472607	True	0
707	1	1	1	3	2	34	8.84393e-09	0.499978	0.840088129044	3.38725399971	1	1	-17065.200592	True	2
726	10	2	1	12	10	38	9.54631	0.023238	1.38702392578	3.96157217026	5	1	-18024.029834	True	10
735	1	0	1	0	0	33	2.73581	0.202891	0.477745056152	3.85026693344	4	1	-18765.354562	True	0
740	6	2	1	11	8	37	8.95658	0.0233037	0.668397188187	4.06004691124	3	1	-15419.739727	True	8
750	1	5	1	25	10	38	3.71992	0.0966018	3.63412499428	3.71117305756	3	1	-13994.845531	True	10
757	10	1	2	8	10	38	73.0012	1.41276e-08	0.558146953583	2.78043198586	3	1	-19943.221422	True	10
761	3	0	2	1	0	33	5.26974	0.073232	0.419593811035	1.98374390602	1	1	-19429.094182	True	0
786	5	3	1	14	8	37	2.00242	0.167874	1.4049050808	3.99874281883	4	1	-17915.462421	True	8
805	5	4	1	22	10	38	3.13667	0.133519	0.785528898239	3.69658279419	4	1	-16709.515645	True	10
811	6	2	1	11	10	38	0.927623	0.251826	1.17668199539	3.44314789772	3	1	-17298.740947	True	10
824	8	1	1	6	4	35	0.0203949	0.45977	1.61354207993	3.43942403793	3	1	-13367.829387	True	4
847	5	4	1	21	10	38	0.77133	0.272238	1.38276815414	3.83307409286	4	1	-16140.152019	True	10
853	1	3	1	12	6	36	0.490758	0.308185	2.38871216774	3.81011295319	4	1	-16463.084885	True	6
855	6	3	1	18	10	38	6.94977	0.0732297	1.75187301636	3.82964611053	3	1	-15081.55723	True	10
859	10	3	1	14	10	38	1.82111	0.241463	0.402835130692	2.96661090851	2	1	-13252.782063	True	10
864	6	1	1	5	6	36	0.293682	0.356941	1.98916888237	3.78430104256	3	1	-14964.096442	True	6
869	5	4	1	21	10	38	1.07036	0.243956	1.31285786629	4.15542006493	3	1	-16586.354695	True	10
880	1	5	1	25	10	38	1.85013	0.186001	2.29548811913	3.29965090752	3	1	-14237.807107	True	10
887	1	1	1	3	2	34	0.135908	0.406816	0.748396158218	1.14958381653	4	1	-19141.527344	True	2
888	5	2	1	8	6	36	1.78788	0.174403	0.448365926743	3.45524311066	4	1	-18161.180634	True	6
893	3	5	2	26	10	38	-1.91017e-06	0.50037	3.19359397888	3.56746983528	3	1	-15787.480971	True	10
898	5	4	1	19	10	38	1.06546	0.252558	1.80427598953	3.19335103035	5	1	-14415.296081	True	10
901	7	2	2	9	6	36	0.446269	0.326891	0.407752990723	3.23237299919	4	1	-15416.608702	True	6
909	6	1	1	5	6	36	3.92782	0.0926662	0.934505939484	3.23702406883	4	1	-18629.221406	True	6
921	6	2	1	11	8	37	7.27977	0.0420324	0.560920953751	3.60895299911	3	1	-16995.505674	True	8
955	6	3	1	18	10	38	4.00562	0.0947525	1.65581607819	3.68627786636	5	1	-16485.844844	True	10
964	9	1	2	7	8	37	44.5864	5.45521e-05	1.40929412842	4.08195996284	4	1	-19150.653633	True	8
966	10	1	2	13	12	39	1.03415	0.240759	0.46522808075	3.23374199867	4	1	-17739.775744	True	12
976	7	3	1	19	10	38	-1.09087e-06	0.500321	0.549718856812	3.52766013145	2	1	-17746.872364	True	10
985	7	1	1	6	8	37	67.2058	3.12939e-07	1.08548688889	1.95278596878	4	1	-19139.779946	True	8
995	7	4	2	22	10	38	1.40082	0.220445	1.60826182365	3.46558308601	3	1	-19587.658915	True	10
996	3	0	2	1	0	33	5.01059	0.0768119	1.25377988815	3.67453598976	1	1	-21123.724512	True	0
998	5	2	1	8	6	36	1.26373	0.22559	0.46186208725	3.39084506035	5	1	-14929.836102	True	6
10	5	3	0	18	10	36	2.57656	0.181261	2.06398797035	4.03434801102	4	1	-16732.224421	True	10
13	0	5	0	25	10	36	0.457683	0.314421	1.1966381073	3.57475113869	3	1	-15666.812336	True	10
14	0	0	0	0	0	31	1.20361	0.324511	1.24924993515	1.29835820198	3	1	-16310.96797	True	0
19	5	3	0	18	10	36	2.87781	0.193959	1.62449407578	2.51269102097	4	1	-12748.877555	True	10
29	0	0	0	0	0	31	0.562314	0.299222	1.89614081383	3.91752314568	1	1	-19290.540427	True	0
30	0	1	0	3	2	32	0.842586	0.317183	3.44381308556	3.483066082	4	1	-13725.678896	True	2
31	4	4	0	21	10	36	2.291	0.284813	0.432981014252	3.12190794945	4	1	-14967.76116	True	10
34	5	3	0	18	10	36	3.39798	0.128226	0.494616985321	3.32862997055	3	1	-16065.819807	True	10
38	4	4	0	21	10	36	0.11892	0.405145	1.33032512665	3.50718402863	4	1	-16005.304843	True	10
39	4	4	0	22	10	36	0.371738	0.448613	1.44419312477	3.50562906265	3	1	-16156.617856	True	10
41	5	3	0	18	10	36	2.32171	0.211623	0.404342889786	2.8838789463	3	1	-17928.117679	True	10
46	6	2	0	13	10	36	27.705	0.000662795	3.94586205482	3.44445991516	3	1	-17962.51362	True	10
47	2	5	1	26	10	36	-9.42055e-09	0.500023	1.51379799843	3.11753296852	1	1	-15014.209781	True	10
48	5	2	0	11	8	35	2.68182	0.137207	0.393161058426	2.99530100822	3	1	-19025.813937	True	8
51	5	1	0	5	6	34	1.65135	0.203938	1.13207292557	3.8289680481	4	1	-16005.174634	True	6
53	9	3	0	14	10	36	1.38125	0.227509	0.591799020767	3.39728093147	3	1	-15184.190586	True	10
63	0	0	0	0	0	31	0.548739	0.309159	0.445158958435	3.54124593735	3	1	-17365.468391	True	0
66	5	3	0	18	10	36	0.490954	0.369832	2.78825902939	1.37972807884	4	1	-16891.863153	True	10
71	7	3	1	19	10	36	5.73411	0.0617315	2.32327508926	3.68101000786	4	1	-16751.728402	True	10
86	4	3	0	14	8	35	0.706398	0.355537	0.919269800186	1.36180281639	5	1	-17749.584442	True	8
96	7	3	1	19	10	36	5.28205	0.0770815	1.9591729641	3.44080996513	3	1	-15120.319567	True	10
97	7	2	1	12	8	35	1.90961	0.166455	1.58777785301	3.59056711197	4	1	-17131.366383	True	8
106	5	3	0	18	10	36	0.182565	0.393961	1.03173518181	4.17119717598	3	1	-18611.62091	True	10
107	5	3	0	18	10	36	1.7313	0.19624	1.55830001831	3.98107600212	3	1	-15533.23367	True	10
116	2	0	1	1	6	34	15.4542	0.00370999	2.18541908264	4.51220107079	1	2	-19922.534817	True	6
119	6	2	1	9	6	34	2.19293	0.294703	1.361743927	4.04901814461	4	1	-16464.403704	True	6
126	5	2	0	11	8	35	4.82926	0.11981	3.00223994255	3.82499694824	3	1	-17271.646173	True	8
132	4	4	0	21	10	36	1.85565	0.171979	0.445686101913	3.29981303215	4	1	-15766.829647	True	10
137	8	3	0	15	10	36	4.02887	0.0963391	1.04707098007	1.50483608246	5	1	-17915.739662	True	10
138	6	3	1	15	8	35	2.45249	0.241434	1.90327095985	3.34453296661	4	1	-12045.170989	True	8
143	5	3	0	18	10	36	4.02679	0.136806	1.17039704323	3.04679584503	4	1	-13933.234169	True	10
147	2	0	1	1	0	31	-0.0010894	0.510427	2.37111902237	3.39510989189	2	1	-17582.193568	True	0
151	7	2	1	12	8	35	2.01039	0.182974	0.431714057922	2.97019505501	3	1	-14640.387964	True	8
152	4	4	0	19	10	36	3.57763	0.106199	1.39261603355	4.3543920517	4	1	-15868.783884	True	10
170	2	2	1	8	4	33	0.687243	0.395199	2.18539595604	3.76453089714	3	1	-17680.993797	True	4
173	8	2	1	14	10	36	10.5233	0.0208578	1.01136183739	3.80521702766	3	1	-17586.341414	True	10
179	4	0	2	2	0	31	3.43929	0.0991912	0.419193983078	3.29945993423	2	1	-18171.532358	True	0
181	4	4	0	21	10	36	2.72181	0.129467	1.61826610565	3.72286200523	4	1	-16641.386757	True	10
183	0	0	0	0	0	31	0.239742	0.365531	0.390313148499	3.43940806389	4	1	-17367.225441	True	0
184	4	2	0	8	6	34	0.694642	0.283071	1.20199298859	3.48537516594	4	1	-15897.738239	True	6
189	5	3	0	18	10	36	2.74551	0.137172	0.632406949997	3.13951182365	4	1	-14384.882801	True	10
197	2	4	1	21	8	35	0.962621	0.345153	0.420337915421	2.95263910294	3	1	-13998.03461	True	8
199	5	3	0	18	10	36	8.35646	0.101315	1.32977199554	3.70125317574	2	1	-15459.137123	True	10
201	0	0	0	0	0	31	3.29957	0.208419	0.431546926498	4.88216590881	2	1	-19056.842749	True	0
203	4	1	0	4	4	33	2.34476	0.138327	0.480674982071	3.70735001564	3	1	-17377.163555	True	4
205	0	1	0	3	2	32	1.38722	0.320057	2.4330470562	4.04959106445	2	1	-14706.573701	True	2
206	2	0	1	1	0	31	2.47855e-08	0.499975	1.02105593681	2.71812605858	2	1	-13822.487867	True	0
213	7	1	1	6	6	34	3.88192	0.0939664	1.64568305016	3.03763890266	3	1	-14618.399794	True	6
216	5	2	0	11	8	35	2.55909	0.172653	1.04342293739	3.28946399689	3	1	-17828.586769	True	8
221	5	3	0	18	10	36	3.16589	0.13494	1.19826984406	3.5433781147	3	1	-15000.831181	True	10
224	5	2	0	11	8	35	1.35758	0.291375	1.34321808815	3.86421918869	3	1	-17156.935242	True	8
229	5	1	0	5	6	34	2.28368	0.171589	1.59903407097	2.02292299271	3	1	-18180.801204	True	6
235	7	1	1	6	6	34	5.20367	0.0804067	3.48575210571	3.50816917419	3	1	-18118.142119	True	6
248	6	4	1	22	10	36	0.17272	0.384774	0.952474117279	3.16574501991	2	1	-13991.002438	True	10
249	12	2	2	13	10	36	7.31147	0.0517117	1.52539396286	3.31294393539	5	1	-17263.742683	True	10
252	7	3	1	19	10	36	2.6	0.152715	0.541875123978	3.40656495094	4	1	-16685.418469	True	10
260	0	5	0	25	10	36	1.59389	0.221617	0.399008989334	3.66582894325	3	1	-17049.333274	True	10
262	5	3	0	18	10	36	1.38553	0.326121	1.78235602379	3.35388493538	3	1	-16719.097766	True	10
266	0	0	0	0	0	31	1.83086	0.281271	1.11755514145	3.79755091667	2	1	-17790.528154	True	0
275	0	0	0	0	0	31	0.833615	0.280274	3.90585398674	3.36830401421	3	1	-19240.987873	True	0
278	2	0	1	1	0	31	1.73184	0.255881	2.01735019684	3.18979907036	2	1	-17945.352961	True	0
283	5	3	0	18	10	36	8.16904	0.0446145	0.462432146072	3.37655591965	3	1	-16331.96531	True	10
289	7	2	1	12	8	35	1.01793	0.240386	1.23499703407	3.57487893105	3	1	-16812.807467	True	8
297	0	3	0	12	6	34	0.909276	0.307695	3.32611989975	3.74412202835	3	1	-14489.369401	True	6
299	8	1	1	7	4	33	2.28365	0.277336	0.745486021042	2.86698293686	3	1	-17021.559353	True	4
302	7	2	1	12	8	35	3.09669	0.115591	2.72743010521	3.50155806541	4	1	-15052.101894	True	8
303	0	2	0	7	4	33	0.617891	0.300563	0.435653924942	1.94729876518	3	1	-17322.915343	True	4
304	4	3	0	14	8	35	2.38	0.147724	1.72866606712	3.12061691284	4	1	-18765.696533	True	8
306	5	2	0	11	8	35	4.06632	0.0923438	2.9089448452	4.02153778076	4	1	-15054.908557	True	8
317	7	3	1	19	10	36	1.71882	0.195182	2.29841518402	3.35561394691	3	1	-17003.248565	True	10
328	7	1	1	6	6	34	2.43144	0.156641	1.77760195732	3.08033919334	4	1	-14364.968445	True	6
333	6	4	1	23	10	36	2.53967	0.0965946	1.31291604042	3.31875300407	3	1	-14673.144697	True	10
337	0	5	0	25	10	36	3.88947	0.119237	1.67871308327	3.0166079998	3	1	-12978.712255	True	10
339	5	1	0	5	6	34	2.40116	0.181819	0.943866014481	3.19386196136	3	1	-18147.995032	True	6
342	4	4	0	21	10	36	2.04973	0.162397	1.19002795219	4.23358798027	4	1	-16878.056637	True	10
344	6	4	1	22	10	36	5.84476	0.0602281	0.423106193542	3.86178803444	4	1	-17097.221876	True	10
346	5	3	0	18	10	36	4.0708	0.157935	1.8679049015	4.07237386703	3	1	-16330.285663	True	10
347	6	3	1	18	8	35	3.26297	0.106041	4.91917705536	4.73371696472	3	1	-15452.607956	True	8
350	5	2	0	11	8	35	4.54326	0.0860251	1.57864403725	3.25905799866	4	1	-14641.529454	True	8
361	0	5	0	25	10	36	1.72112	0.188881	1.67288804054	1.67272186279	3	1	-17205.85574	True	10
364	0	4	0	18	8	35	0.134634	0.395155	0.681730985641	5.49368619919	3	1	-16390.93111	True	8
365	5	1	0	5	6	34	0.67931	0.282266	1.94099187851	4.56700086594	3	1	-15636.861942	True	6
368	10	2	2	15	10	36	101.55	1.24558e-09	5.76634883881	3.02852988243	3	1	-17466.704957	True	10
371	0	0	0	0	0	31	0.839653	0.25971	3.32322406769	2.02132105827	4	1	-17884.171023	True	0
379	4	4	0	21	10	36	2.63459	0.147952	1.65614891052	3.18622803688	4	1	-16295.821414	True	10
385	7	3	1	19	10	36	3.27925	0.179013	1.46909403801	3.56457901001	4	1	-14922.237314	True	10
394	9	2	0	12	10	36	6.25379	0.0780772	0.503663063049	3.29531502724	5	1	-16022.133787	True	10
396	0	1	0	3	2	32	2.16426	0.240152	1.74964404106	3.13914608955	3	1	-15576.474606	True	2
399	0	1	0	3	2	32	1.0044	0.240426	1.2226588726	2.44674921036	3	1	-18484.092694	True	2
401	10	5	1	25	12	37	0.475216	0.316805	1.03104019165	2.37449097633	4	1	-16492.726285	True	12
416	2	1	1	4	2	32	1.11074	0.319345	0.769679069519	3.27604699135	3	1	-15219.026272	True	2
436	4	2	0	8	6	34	2.88407	0.17275	0.419807910919	3.39235687256	4	1	-15571.985393	True	6
449	5	3	0	18	10	36	1.47914	0.234062	1.95866703987	4.35614204407	3	1	-15457.903085	True	10
452	4	3	0	14	8	35	0.119954	0.404428	1.90775895119	3.32994294167	4	1	-14871.631274	True	8
456	5	2	0	11	8	35	13.9476	0.00661498	0.519824981689	3.43852901459	3	1	-17367.218635	True	8
457	7	1	1	6	6	34	7.34116	0.0549044	1.67528390884	3.72247409821	3	1	-18330.431628	True	6
461	8	3	0	15	10	36	3.09427	0.181565	1.14519691467	1.46278691292	5	1	-16868.456187	True	10
475	4	4	0	21	10	36	0.215917	0.375067	1.37272381783	2.96848797798	4	1	-14059.833345	True	10
484	5	3	0	18	10	36	5.91429	0.056257	2.13146400452	3.43580317497	5	1	-17611.904523	True	10
491	7	1	1	6	6	34	4.91097	0.0854519	1.73955082893	3.50114989281	3	1	-17437.342561	True	6
495	5	2	0	11	8	35	0.568438	0.303676	2.08506011963	3.52178788185	4	1	-14595.415486	True	8
501	5	2	0	11	8	35	3.66077	0.106093	2.38554501534	3.34460091591	3	1	-17556.097314	True	8
502	2	1	1	4	2	32	0.559671	0.370806	2.04859495163	2.99114608765	3	1	-16217.656959	True	2
514	4	3	0	15	8	35	1.43292	0.204013	1.31129598618	3.32199501991	4	1	-15141.248673	True	8
515	5	3	0	18	10	36	3.54316	0.0991994	2.32522106171	3.33838510513	3	1	-16546.518564	True	10
517	9	2	0	12	10	36	3.78469	0.161824	0.433605909348	2.9476339817	4	1	-17242.546343	True	10
523	7	2	1	12	8	35	0.176026	0.440217	2.49528813362	3.60977292061	3	1	-13409.769321	True	8
527	0	0	0	0	0	31	1.47001	0.249671	2.95856714249	4.29955482483	2	1	-17726.236136	True	0
531	6	1	1	5	4	33	2.29733	0.240719	1.673869133	4.18610095978	4	1	-17611.206191	True	4
533	9	3	2	20	10	36	2.22571	0.209397	2.13219213486	3.16242694855	3	1	-15388.075852	True	10
534	5	3	0	18	10	36	1.68991	0.221898	0.466567993164	3.51561498642	4	1	-15254.395498	True	10
544	5	3	0	18	10	36	2.51746	0.143968	2.80355405807	3.28506994247	3	1	-17556.832912	True	10
548	5	1	0	5	6	34	5.31504	0.0614575	1.85733890533	3.65489220619	3	1	-18078.832476	True	6
553	5	3	0	18	10	36	8.83919	0.0278981	1.19746494293	4.46504402161	3	1	-15358.451102	True	10
554	5	0	2	11	10	36	8.74192	0.0272224	2.21752405167	3.84633994102	4	1	-16176.355878	True	10
556	7	3	1	19	10	36	0.621733	0.363715	0.690737009048	3.13281607628	3	1	-16691.346729	True	10
562	9	2	0	12	10	36	11.221	0.0236279	0.895320892334	1.50478100777	4	1	-18022.12365	True	10
564	5	3	0	18	10	36	7.33403	0.0406818	0.448464870453	3.53002882004	4	1	-17430.051413	True	10
568	7	3	1	19	10	36	6.99153	0.0282835	3.39294695854	3.89470386505	3	1	-15576.151231	True	10
579	4	3	0	14	8	35	1.66863	0.188362	1.00021100044	3.2114610672	5	1	-17858.257931	True	8
583	4	3	0	14	8	35	2.30921	0.146235	1.49997711182	3.26314091682	4	1	-15055.265326	True	8
585	2	0	1	1	0	31	2.28786	0.17939	0.444754123688	2.99258613586	2	1	-13561.554512	True	0
586	4	1	0	4	4	33	1.91965	0.17031	1.05459809303	3.04104304314	5	1	-16231.187129	True	4
600	7	3	1	19	10	36	1.80681	0.302623	0.884095907211	3.01474404335	3	1	-15301.101123	True	10
617	5	3	0	18	10	36	4.65364	0.0662042	1.07762479782	3.50011610985	3	1	-16301.252481	True	10
621	7	3	1	19	10	36	1.14109	0.237198	1.29515910149	3.31302189827	2	1	-16472.56784	True	10
626	4	4	0	21	10	36	1.62885	0.237261	0.480956077576	1.61980080605	4	1	-18540.387497	True	10
630	0	5	0	25	10	36	0.00358863	0.483128	0.43889093399	3.30942606926	2	1	-14860.041684	True	10
644	6	4	1	22	10	36	0.439676	0.421666	1.31842684746	3.67823386192	4	1	-18204.652095	True	10
645	0	0	0	0	0	31	0.815161	0.336633	1.49226784706	3.51638317108	2	1	-15616.674055	True	0
646	6	1	1	5	4	33	1.59741	0.218542	2.16475296021	2.73865318298	4	1	-16039.452845	True	4
649	0	5	0	25	10	36	-1.19449e-07	0.500075	0.622591972351	3.65325093269	4	1	-15878.376131	True	10
652	4	4	0	21	10	36	1.7826	0.246558	1.83951616287	3.2568218708	4	1	-14991.766028	True	10
662	6	3	1	15	8	35	1.61623	0.277039	1.3473508358	3.59500288963	4	1	-13603.816239	True	8
669	4	4	0	21	10	36	0.124546	0.402404	1.82736206055	1.29131388664	4	1	-17085.976025	True	10
670	5	3	0	18	10	36	5.14727	0.0596256	0.569597005844	3.42428803444	4	1	-16849.088916	True	10
671	7	2	1	12	6	34	0.784832	0.285496	2.38216996193	4.01532387733	3	1	-15540.312041	True	6
673	7	2	1	12	8	35	7.48422	0.0419703	2.68401694298	3.92339396477	4	1	-17344.990431	True	8
680	7	2	1	12	8	35	5.08076	0.0876538	2.50290703773	3.6206510067	5	1	-16437.959374	True	8
686	6	4	1	23	10	36	1.33824	0.216082	1.71312308311	3.42864704132	2	1	-15018.313168	True	10
690	6	2	0	10	10	36	22.4655	0.00225622	2.48273801804	3.8269109726	4	1	-18521.976606	True	10
706	0	2	0	7	4	33	2.24884	0.230624	1.79223513603	3.88360500336	5	1	-15004.999539	True	4
709	4	3	0	14	8	35	5.3872	0.0504207	1.14616012573	2.5874209404	5	1	-16978.477607	True	8
710	2	0	1	1	0	31	1.68261	0.195604	0.418049097061	3.16457891464	3	1	-14049.102257	True	0
718	3	2	2	8	4	33	3.199	0.106731	0.466370105743	2.99517989159	4	1	-14449.180842	True	4
719	2	3	1	13	6	34	0.586938	0.380815	0.988896131516	4.09344601631	4	1	-14642.299701	True	6
729	0	4	0	18	8	35	2.18768	0.296948	1.87311196327	1.37856507301	4	1	-17187.65196	True	8
737	2	4	1	21	8	35	0.0997903	0.480219	1.80388402939	3.5495390892	3	1	-14220.923734	True	8
741	0	1	0	3	2	32	2.42445	0.267423	1.59668016434	2.81667995453	4	1	-14306.258354	True	2
745	4	4	0	22	10	36	1.41326	0.20761	1.28452301025	3.21701407433	3	1	-17074.5863	True	10
756	2	0	1	1	0	31	1.28453	0.257084	2.16022014618	2.04625892639	3	1	-19205.459955	True	0
759	4	4	0	22	10	36	0.0254096	0.456164	1.32062292099	3.6561820507	3	1	-14926.248424	True	10
764	8	3	0	16	10	36	3.47696	0.14865	1.4340698719	1.28295397758	5	1	-17781.329811	True	10
766	7	1	1	6	6	34	0.222878	0.461923	1.97148895264	3.56080198288	3	1	-15544.464873	True	6
769	9	1	1	8	10	36	36.3495	1.34414e-05	1.05093979836	3.10965490341	3	1	-17892.442602	True	10
771	6	3	1	15	8	35	1.13577	0.368846	0.837591171265	3.48439788818	4	1	-17438.224072	True	8
774	2	1	1	4	2	32	1.62955	0.238309	2.40731787682	3.88735699654	3	1	-16884.138905	True	2
775	5	1	0	5	6	34	1.26904	0.247679	2.01839709282	3.34469914436	4	1	-17299.410317	True	6
776	0	0	0	0	0	31	-1.26969e-05	0.500875	0.411674976349	1.5289349556	2	1	-17883.877056	True	0
778	4	4	0	22	10	36	3.77631	0.143224	0.941095113754	3.85845899582	4	1	-15502.946254	True	10
788	6	2	1	9	6	34	3.78984	0.116022	1.35570001602	3.86538290977	4	1	-16967.632642	True	6
801	0	0	0	0	0	31	1.41881e-08	0.499988	1.38466906548	4.2677590847	3	1	-16270.085	True	0
804	5	1	0	5	6	34	2.26219	0.293662	0.429211854935	3.29737401009	3	1	-15042.649502	True	6
807	4	4	0	21	10	36	0.880518	0.272781	0.456579208374	3.54942703247	5	1	-17054.33941	True	10
817	0	1	0	3	2	32	0.400969	0.388326	1.35361409187	3.31530094147	4	1	-18098.659226	True	2
819	6	3	1	18	8	35	0.204921	0.372759	0.981086969376	3.19731497765	4	1	-16633.068176	True	8
820	4	4	0	22	10	36	0.063293	0.481315	3.23060703278	3.24594306946	3	1	-17055.606005	True	10
836	5	1	0	5	6	34	7.5335	0.0245447	0.405358076096	3.37237906456	3	1	-18341.310528	True	6
837	5	1	0	5	6	34	2.47543	0.148242	1.16678595543	3.97601389885	3	1	-17313.876256	True	6
848	4	3	0	15	8	35	0.532905	0.306994	1.28686189651	3.40263700485	3	1	-16069.876181	True	8
870	4	3	0	15	8	35	0.00196994	0.487977	1.85552477837	4.28985714912	3	1	-16289.659775	True	8
873	9	2	0	12	10	36	3.4218	0.125238	2.76602292061	3.0892059803	6	1	-14822.002112	True	10
875	0	0	0	0	0	31	2.36878	0.188255	1.88824295998	1.3157749176	2	1	-17025.349199	True	0
878	5	3	0	18	10	36	3.05584	0.115211	1.67235708237	2.22205901146	4	1	-16732.88987	True	10
885	8	3	0	15	10	36	4.87689	0.116556	0.488679885864	3.27165102959	5	1	-15019.776991	True	10
886	4	4	0	21	10	36	0.15265	0.433201	1.38239598274	3.1987388134	4	1	-14142.419477	True	10
889	4	4	0	21	10	36	2.78975	0.13193	1.04116892815	4.08675217628	4	1	-17378.920833	True	10
896	4	3	0	14	8	35	0.83095	0.290987	1.06863379478	3.49839305878	5	1	-17366.303803	True	8
897	4	2	0	9	6	34	1.03561	0.283715	0.407079935074	3.41829681396	3	1	-18038.791326	True	6
905	4	1	0	4	4	33	3.34809	0.125849	1.60966014862	2.11756587029	3	1	-17017.399814	True	4
907	9	2	0	12	10	36	1.70763	0.308283	1.82789587975	1.59267306328	5	1	-18267.817766	True	10
912	4	4	0	21	10	36	1.08775	0.28939	1.76878285408	3.52984690666	4	1	-15753.094459	True	10
917	4	4	0	21	10	36	0.065923	0.429003	1.25007104874	3.19643998146	3	1	-15414.989986	True	10
919	5	3	0	18	10	36	2.31518	0.234172	0.852308034897	3.23845505714	3	1	-15254.670327	True	10
924	6	1	3	6	2	32	2.49931e-05	0.493576	0.955914020538	3.20026087761	3	1	-14367.613323	True	2
943	0	0	0	0	0	31	1.67852	0.222353	1.82906413078	2.53546190262	2	1	-17696.883123	True	0
953	11	2	1	13	10	36	8.56182	0.052262	1.76811790466	5.38624310493	4	1	-18026.787442	True	10
957	5	1	0	5	6	34	3.01999	0.119883	1.05129909515	3.33923196793	5	1	-14320.973659	True	6
958	4	4	0	22	10	36	3.4339	0.128313	1.48781991005	4.14375901222	3	1	-18162.610926	True	10
961	8	3	0	15	10	36	1.83342	0.204494	1.41899490356	1.9038169384	5	1	-18067.369661	True	10
963	3	0	1	2	0	31	0.565785	0.301968	1.65521287918	3.44746804237	4	1	-14418.885758	True	0
965	6	4	1	22	10	36	2.53284	0.156625	1.08563804626	3.09483098984	4	1	-15354.655496	True	10
974	9	2	0	12	10	36	7.20122	0.0446096	0.452622890472	2.82852816582	5	1	-13871.874672	True	10
989	4	4	0	21	10	36	-9.42218e-08	0.500074	0.409931898117	3.07392501831	4	1	-14044.271287	True	10
990	7	1	1	6	6	34	2.33047	0.137096	0.440696954727	3.27877902985	4	1	-18077.665241	True	6
991	0	2	0	7	4	33	-3.07773e-09	0.500015	1.05986905098	5.47677397728	4	1	-15859.848316	True	4
992	2	1	1	4	2	32	1.91006	0.265364	1.27068996429	3.73366689682	3	1	-12765.971349	True	2
2	7	4	2	23	10	34	4.37923	0.0551703	2.52264285088	2.97273898125	3	1	-14567.55852	True	10
6	7	1	2	6	4	31	-1.29569e-05	0.500963	0.418025970459	2.78150200844	4	1	-13373.582375	True	4
7	6	1	0	6	4	31	2.95552	0.118594	2.13038516045	2.22989702225	3	1	-17406.024152	True	4
12	10	2	0	13	10	34	5.31995	0.0581958	1.78529000282	3.15872883797	4	1	-15815.350146	True	10
15	7	1	1	6	6	32	0.412945	0.389315	2.24967193604	2.92697191238	3	1	-12388.928032	True	6
36	8	3	1	20	10	34	2.12439	0.158337	0.38089299202	2.95035791397	3	1	-14401.465327	True	10
37	6	1	0	6	6	32	5.12744	0.065217	1.08224511147	3.25232791901	3	1	-14904.440037	True	6
55	1	0	0	1	0	29	0.469217	0.413441	1.69259691238	3.95926189423	2	1	-15252.578982	True	0
60	6	3	0	19	10	34	1.61553	0.185726	2.06516885757	2.88080477715	3	1	-15098.262228	True	10
64	9	3	0	16	10	34	3.23549	0.121658	0.475030899048	3.14338803291	5	1	-16000.035785	True	10
69	6	1	0	6	6	32	3.17951	0.198029	2.10988998413	3.51170897484	3	1	-17205.033904	True	6
88	7	3	1	17	8	33	7.6193	0.0428049	1.02349710464	3.13920998573	4	1	-14178.364804	True	8
92	6	5	1	30	12	35	2.37606	0.153645	1.6061360836	3.57004189491	4	1	-14885.261019	True	12
100	7	3	1	19	8	33	4.01967	0.0895407	1.09162712097	2.98755002022	4	1	-15464.732086	True	8
136	6	1	0	6	6	32	3.8144	0.0899265	0.395102024078	3.21448707581	3	1	-16527.653095	True	6
142	8	3	2	19	16	37	5.55068	0.10134	1.06628990173	3.32040095329	3	1	-15616.650485	True	16
159	1	3	0	13	6	32	3.25068	0.112221	0.384512901306	2.62177205086	3	1	-13827.62261	True	6
161	7	1	1	6	6	32	1.22445	0.287944	2.66057801247	4.35484409332	3	1	-15958.771898	True	6
163	6	3	0	19	10	34	3.03613	0.121374	0.451157093048	2.7698829174	3	1	-15216.246736	True	10
165	6	1	0	6	6	32	2.50421	0.226326	1.56639003754	2.42963409424	3	1	-17401.944242	True	6
175	6	1	0	6	6	32	0.945119	0.297575	0.967298984528	3.1770529747	2	1	-13789.903897	True	6
182	5	4	0	22	10	34	0.0775138	0.422568	2.25976514816	3.11293196678	5	1	-15435.589532	True	10
188	1	0	0	1	0	29	0.387986	0.406609	1.48896312714	3.80385398865	2	1	-15808.735253	True	0
190	1	0	0	1	0	29	0.26224	0.450703	1.23005509377	3.1533601284	2	1	-14882.09599	True	0
212	1	5	0	26	10	34	1.59438	0.261877	1.32417917252	3.03838896751	3	1	-16437.236146	True	10
214	6	2	0	12	8	33	0.000212543	0.498405	0.40293097496	2.96846389771	3	1	-15798.528666	True	8
215	5	4	0	20	10	34	2.03703	0.169878	0.742574930191	3.3242020607	5	1	-14821.738884	True	10
217	5	2	0	10	6	32	1.71215	0.180622	0.395659923553	2.94164204597	3	1	-15632.745449	True	6
220	5	2	0	9	6	32	1.13835	0.25675	1.81374692917	1.14607310295	5	1	-15684.31045	True	6
222	8	3	1	20	10	34	3.74508	0.0952327	0.475167989731	3.34672307968	3	1	-14848.444728	True	10
237	9	3	0	16	10	34	6.72572	0.041383	1.38787984848	1.76324915886	6	1	-16806.789469	True	10
246	5	2	0	9	6	32	0.640495	0.353274	1.32182312012	4.29739618301	4	1	-14782.957941	True	6
255	1	4	0	21	8	33	1.70513	0.277359	0.444612979889	2.60002183914	2	1	-12858.960429	True	8
263	1	2	0	8	4	31	2.5212	0.157925	0.925901889801	2.864757061	3	1	-13549.147672	True	4
285	3	0	1	2	0	29	7.85539	0.0626973	1.40998291969	3.029545784	2	1	-17264.85735	True	0
287	7	4	1	23	10	34	1.26817	0.221732	1.06136798859	3.25321102142	4	1	-14981.594578	True	10
288	3	0	1	2	0	29	0.198154	0.346917	2.06600093842	3.0879240036	2	1	-15352.17835	True	0
291	1	1	0	4	2	30	1.15815	0.227931	1.13913798332	2.9574649334	3	1	-15905.424833	True	2
319	6	3	0	19	10	34	6.90871	0.0420967	1.820333004	3.4081351757	4	1	-13136.958746	True	10
321	1	1	0	4	2	30	0.713141	0.281152	2.55041503906	2.99365878105	2	1	-13807.431948	True	2
325	2	0	1	1	0	29	-0.00124895	0.508905	0.424832105637	3.06883788109	3	1	-15866.813033	True	0
331	1	3	0	14	6	32	0.501622	0.311827	0.862691879272	2.43163013458	3	1	-13075.382078	True	6
374	1	0	0	1	0	29	1.88501	0.244558	0.377190828323	3.44712805748	2	1	-17762.446777	True	0
387	6	2	0	12	6	32	0.131347	0.400353	1.72518610954	3.43179607391	3	1	-15381.440941	True	6
390	6	3	0	19	10	34	1.56052	0.191444	1.77633810043	3.38182401657	3	1	-16025.737142	True	10
395	5	4	0	23	10	34	4.47792	0.0788565	0.441483020782	3.44671487808	4	1	-16212.591517	True	10
402	9	3	0	16	10	34	2.83675	0.123588	2.07954502106	3.39970397949	5	1	-13314.510967	True	10
408	5	3	0	15	8	33	0.0869405	0.46909	0.409706115723	2.79824519157	3	1	-15287.101336	True	8
411	11	1	2	9	10	34	49.9247	9.97126e-06	2.74537205696	3.30240082741	2	1	-17493.556549	True	10
425	7	3	1	16	8	33	3.13236	0.222415	4.50616717339	1.84684705734	5	1	-16776.412095	True	8
426	5	3	0	18	8	33	2.7618	0.188517	0.394101142883	3.17070794106	3	1	-15794.770739	True	8
440	5	2	0	9	6	32	2.47735	0.163127	1.91229510307	3.29315304756	4	1	-14400.47579	True	6
442	1	1	0	4	2	30	0.040454	0.477639	1.70826888084	3.48732686043	4	1	-14089.468009	True	2
445	6	3	0	19	10	34	2.53818	0.158058	1.09901213646	2.93969988823	3	1	-17316.076678	True	10
476	1	4	0	19	8	33	0.0205186	0.459871	1.14300489426	3.17838191986	3	1	-14094.893944	True	8
494	6	3	0	19	10	34	3.77024	0.110269	0.400894165039	3.0371119976	3	1	-14740.121751	True	10
508	5	4	0	23	10	34	3.78792	0.0985718	1.02144312859	3.07453298569	4	1	-14978.762016	True	10
511	3	0	1	2	0	29	2.54319	0.195353	1.46025705338	2.8727722168	3	1	-16816.485637	True	0
520	9	3	0	16	10	34	0.798645	0.380928	1.0113761425	2.99356508255	3	1	-16278.410748	True	10
521	6	1	0	6	6	32	11.6786	0.0144505	0.419836044312	3.06258010864	3	1	-14538.498371	True	6
529	1	1	0	4	2	30	0.402035	0.331803	0.871923208237	3.3177318573	5	1	-15692.545633	True	2
540	1	0	0	1	0	29	4.52828	0.124262	0.425576925278	3.21147203445	2	1	-14995.159254	True	0
541	10	2	0	13	8	33	3.0949	0.147085	0.450860023499	2.6518061161	4	1	-12461.295006	True	8
550	5	1	0	5	4	31	0.506305	0.307395	1.78570318222	1.37747883797	3	1	-16494.641267	True	4
552	1	2	0	9	4	31	1.45718	0.25749	0.756992816925	1.59556698799	3	1	-15792.337783	True	4
563	5	3	0	18	8	33	1.22753	0.215607	1.46799612045	3.75024318695	4	1	-16673.567896	True	8
576	1	0	0	1	0	29	0.314078	0.353197	1.18596291542	2.88721394539	2	1	-16163.402057	True	0
577	5	4	0	22	10	34	0.495067	0.400518	1.26767206192	3.8262898922	5	1	-14549.755118	True	10
578	6	1	0	6	6	32	2.62432	0.13162	1.23710203171	1.76801490784	3	1	-16605.31411	True	6
589	5	4	0	22	10	34	-4.65316e-08	0.500034	1.02999305725	2.76247191429	2	1	-13253.634965	True	10
594	5	3	0	16	8	33	1.07328	0.24866	1.3536260128	3.62856292725	4	1	-15779.879346	True	8
604	5	0	2	3	0	29	0.878283	0.283252	0.953262090683	1.82219600677	2	1	-16182.526677	True	0
613	6	2	0	12	8	33	1.00496	0.299369	2.16722798347	2.52804303169	4	1	-11995.500705	True	8
618	6	3	0	19	10	34	7.09727	0.104589	2.14180088043	3.07090902328	2	1	-13981.659239	True	10
634	7	2	1	10	6	32	4.91952	0.0905117	0.500557184219	3.20450091362	4	1	-15903.965234	True	6
642	8	2	1	13	8	33	2.58495	0.220191	1.47616100311	2.9550409317	4	1	-12135.568448	True	8
655	3	1	1	5	2	30	0.545437	0.443549	1.22813916206	3.30724191666	3	1	-14686.764583	True	2
666	6	2	0	12	8	33	0.197157	0.403382	1.9175491333	3.29013490677	3	1	-16406.419929	True	8
681	6	3	0	19	10	34	5.23135	0.0978466	1.47332191467	3.40136694908	3	1	-16994.438123	True	10
697	6	3	0	19	10	34	0.591141	0.309639	1.42381310463	1.83910799026	3	1	-16719.000992	True	10
701	5	3	0	16	8	33	2.90553	0.134768	1.52603006363	3.64046502113	4	1	-15027.750874	True	8
708	6	3	0	19	10	34	6.37079	0.0319209	1.30405592918	1.64839792252	3	1	-17072.097625	True	10
713	6	3	0	19	10	34	2.34356	0.185153	1.13162708282	3.31850600243	3	1	-16470.514362	True	10
734	6	3	0	19	10	34	0.0615337	0.474504	0.802562952042	3.72956395149	3	1	-15703.04404	True	10
746	7	3	1	19	10	34	2.02544	0.168971	1.20661711693	3.08066511154	4	1	-12901.583345	True	10
747	6	3	0	19	10	34	3.13	0.148108	0.396601915359	3.27608108521	4	1	-16896.342995	True	10
748	5	3	0	15	8	33	2.40925	0.15535	1.290350914	3.38052606583	5	1	-14963.834536	True	8
749	8	1	1	7	6	32	0.952378	0.245561	1.02950811386	1.39425206184	4	1	-16291.417856	True	6
754	6	2	0	12	8	33	2.52462	0.133914	1.28409314156	3.29151415825	3	1	-17288.212067	True	8
773	1	1	0	4	2	30	0.377345	0.341218	2.78733491898	3.18281078339	3	1	-15136.698696	True	2
779	1	0	0	1	0	29	0.209768	0.425657	1.22187495232	3.04906201363	2	1	-14349.064047	True	0
790	1	0	0	1	0	29	0.0763097	0.487293	1.13569998741	3.76501607895	2	1	-15450.367987	True	0
821	1	3	0	13	6	32	1.67446	0.184588	2.20361614227	3.49316906929	3	1	-15977.23029	True	6
823	6	2	0	12	8	33	3.37616	0.0994382	0.394064188004	3.24168515205	3	1	-15288.524053	True	8
825	1	0	0	1	0	29	1.70862	0.173112	0.410773038864	2.66499400139	2	1	-17063.422337	True	0
830	8	1	1	7	6	32	0.227811	0.3712	0.469251871109	3.34535288811	3	1	-16365.428718	True	6
840	1	0	0	1	0	29	0.314178	0.474306	0.436143875122	3.00901484489	1	1	-18875.602284	True	0
850	7	3	1	16	8	33	1.38112	0.334282	1.6712770462	3.01327681541	4	1	-16892.948659	True	8
851	5	1	0	5	4	31	4.53236	0.103368	1.12294697762	2.93199801445	3	1	-16644.412782	True	4
854	6	3	0	19	10	34	6.26267	0.16662	1.70740199089	1.67610001564	4	1	-15886.792085	True	10
856	1	4	0	19	8	33	1.26922	0.298417	0.45031785965	3.04232692719	3	1	-14548.441116	True	8
862	3	2	2	8	4	31	0.200378	0.376355	1.52501678467	2.42728996277	4	1	-12221.847925	True	4
867	1	4	0	19	8	33	0.288535	0.36177	1.082914114	2.70516896248	2	1	-12780.730024	True	8
876	6	3	0	19	10	34	8.68327	0.0266961	2.39752388	1.33508205414	3	1	-16272.415201	True	10
882	6	1	0	5	2	30	0.204379	0.384694	1.29132604599	3.45401787758	3	1	-17684.586163	True	2
891	5	2	0	11	6	32	3.81276	0.143977	0.451225996017	2.88766002655	3	1	-15683.35735	True	6
932	3	0	1	2	2	30	2.86351	0.235575	0.399654865265	3.18214917183	3	1	-16370.176799	True	2
933	5	3	0	18	8	33	0.310013	0.43958	1.26149392128	3.20614004135	3	1	-14402.345016	True	8
940	5	2	0	9	6	32	0.428043	0.383601	0.440826892853	2.92361688614	3	1	-15580.132976	True	6
944	5	4	0	22	10	34	0.314729	0.346749	0.460342168808	3.43011593819	4	1	-15388.195387	True	10
949	6	1	0	6	6	32	3.81919	0.171322	1.08549284935	3.10859084129	3	1	-13914.377141	True	6
952	6	2	0	12	8	33	8.6974	0.0192829	0.426660060883	3.04506492615	3	1	-15800.956392	True	8
959	6	3	0	19	10	34	5.05836	0.151623	1.2869181633	3.09651708603	3	1	-15016.130609	True	10
970	6	3	0	19	10	34	4.79487	0.0762132	1.72434902191	3.00396704674	3	1	-13423.843345	True	10
979	5	3	0	16	8	33	2.22645	0.273289	1.48012399673	3.61233282089	3	1	-17057.091171	True	8
981	7	1	1	6	4	31	3.84059	0.127292	3.47062587738	3.15509295464	3	1	-12715.917776	True	4
994	5	3	0	16	8	33	0.445498	0.322115	0.918917894363	3.24441218376	3	1	-14782.142095	True	8
3	2	3	0	18	6	30	2.11681	0.168781	0.375766038895	0.976296901703	3	1	-14932.688754	True	6
70	8	3	1	20	10	32	2.54194	0.130263	1.26607584953	3.31146597862	3	1	-16126.942846	True	10
77	7	1	0	7	6	30	3.86015	0.104908	1.14324116707	2.76724886894	3	1	-13241.545267	True	6
82	7	1	1	6	4	29	1.90075	0.200158	2.56434798241	4.79653787613	3	1	-14838.33896	True	4
103	7	3	0	20	10	32	5.0093	0.0801906	1.92299818993	2.72809100151	3	1	-15143.090642	True	10
114	2	4	0	22	8	31	0.232828	0.429547	1.81224393845	2.88640284538	3	1	-14160.877799	True	8
149	7	3	0	20	10	32	0.502694	0.304752	1.17200303078	2.76611304283	4	1	-15753.155791	True	10
168	2	0	0	2	0	27	4.24418	0.124517	0.493839025497	2.16549515724	1	1	-17593.101846	True	0
192	2	0	0	2	0	27	0.254155	0.366086	1.66735196114	2.4151070118	1	1	-15703.62882	True	0
227	6	2	0	12	8	31	0.919678	0.279326	0.782116174698	2.35737705231	4	1	-16671.1029	True	8
239	9	1	1	8	6	30	6.518	0.0419137	1.81571292877	2.90207910538	3	1	-14575.905073	True	6
257	6	2	0	12	8	31	0.263114	0.455298	1.49565982819	2.85480499268	3	1	-14622.222344	True	8
273	3	1	2	4	2	28	0.995046	0.329447	2.27818608284	3.10642194748	3	1	-15548.942107	True	2
284	3	0	2	1	0	27	1.4899	0.164853	0.379114866257	2.90884900093	2	1	-15321.393538	True	0
293	2	0	0	2	0	27	-3.04499e-07	0.500163	1.17691993713	3.10787796974	3	1	-13866.436628	True	0
294	6	3	0	16	8	31	4.37817	0.0963859	1.25962495804	2.91391396523	4	1	-12496.908164	True	8
327	2	2	0	9	4	29	0.92746	0.250718	0.42169380188	2.69833493233	3	1	-13018.726364	True	4
336	6	2	0	12	8	31	4.12327	0.078264	1.09622621536	2.88960123062	3	1	-12856.66466	True	8
367	7	1	0	7	6	30	0.524963	0.303146	2.17433810234	2.68733000755	3	1	-14287.958567	True	6
414	2	0	0	2	0	27	0.223691	0.375351	2.62207984924	3.01424098015	2	1	-14562.839313	True	0
415	6	3	1	19	8	31	2.00527	0.197489	0.843372106552	2.72571706772	3	1	-14683.698201	True	8
468	7	3	2	15	8	31	0.931355	0.255989	1.25156903267	2.10666799545	4	1	-11406.040792	True	8
509	2	5	0	27	10	32	-1.32677e-08	0.500037	0.434303998947	2.725440979	2	1	-13688.58344	True	10
518	6	3	0	19	10	32	1.04446	0.223912	0.466350078583	2.69924402237	4	1	-15299.548803	True	10
565	6	3	0	19	10	32	7.65793	0.0547475	0.851244926453	2.64793515205	3	1	-13170.762912	True	10
566	4	0	1	3	0	27	1.53636	0.199356	0.413336992264	3.7531068325	2	1	-15759.595092	True	0
569	4	0	1	3	0	27	0.069228	0.460801	1.052973032	3.66380310059	2	1	-15045.803048	True	0
606	6	4	0	23	10	32	0.196155	0.379528	1.01979088783	2.02246308327	3	1	-10393.444629	True	10
609	7	2	0	13	8	31	4.52873	0.127603	0.824921131134	2.96130299568	3	1	-16166.16711	True	8
651	6	4	0	24	10	32	1.0103	0.242872	1.16469907761	2.70391488075	3	1	-13338.784064	True	10
654	8	2	0	15	10	32	127.932	1.1835e-11	0.391113996506	2.85982608795	3	1	-15195.827474	True	10
674	10	2	1	13	8	31	1.74634	0.184937	0.422702074051	2.41651201248	5	1	-14292.977802	True	8
689	6	1	0	6	6	30	0.672385	0.28978	1.66569900513	2.66399002075	3	1	-13886.434863	True	6
702	4	1	1	6	2	28	-3.24617e-08	0.500046	1.1758210659	3.39074993134	3	1	-13864.906932	True	2
705	2	3	0	16	6	30	0.0799665	0.422721	3.59001803398	2.14448809624	3	1	-10321.248138	True	6
744	4	0	1	3	0	27	2.0285	0.247902	1.59444904327	2.17244195938	1	1	-15557.94983	True	0
763	6	1	3	12	8	31	-2.86545e-08	0.500035	1.50288319588	3.14800405502	3	1	-12744.40003	True	8
816	6	1	0	6	4	29	0.0181501	0.443318	1.54563999176	2.48189306259	3	1	-14276.381701	True	4
852	7	3	0	20	10	32	4.34053	0.0874322	1.46220612526	2.66102600098	3	1	-12322.210039	True	10
863	8	1	1	7	6	30	0.0504848	0.434151	1.21142196655	1.17963814735	4	1	-14409.688014	True	6
890	8	3	1	20	10	32	2.48032	0.133312	3.33348202705	2.8094689846	3	1	-15136.076242	True	10
902	2	0	0	2	0	27	-0.0027623	0.515723	1.26256895065	2.36103391647	2	1	-15849.547728	True	0
904	2	0	0	2	0	27	1.3478	0.262595	0.379043102264	3.05747103691	2	1	-15052.759663	True	0
915	2	0	0	2	0	27	-2.40527e-07	0.500142	0.374890804291	2.62049818039	3	1	-13689.515963	True	0
950	2	1	0	5	2	28	0.358602	0.339269	0.378794908524	2.9843480587	3	1	-14153.727166	True	2
956	6	3	0	16	8	31	2.75313	0.128057	1.01846694946	2.74652504921	3	1	-11743.574958	True	8
968	6	2	0	12	8	31	9.08934	0.0469061	1.29762101173	3.21208095551	3	1	-13869.625213	True	8
971	2	0	0	2	0	27	2.97726e-05	0.470535	1.13626480103	3.20517206192	1	1	-13913.322647	True	0
68	10	3	1	16	10	30	0.327007	0.341491	0.613434076309	2.9007358551	4	1	-13050.439581	True	10
89	5	2	0	9	6	28	0.169664	0.404063	0.425564050674	2.65725493431	3	1	-12226.88377	True	6
160	1	1	0	4	2	26	0.134425	0.448085	3.29541802406	2.93409180641	3	1	-12676.199782	True	2
320	3	0	2	1	2	26	1.77034	0.195812	2.06874585152	2.62236595154	3	1	-13594.351906	True	2
334	3	3	0	17	6	28	1.11643	0.224536	0.974675893784	2.78227901459	3	1	-13712.433708	True	6
397	5	3	0	19	8	29	1.08003	0.252235	1.26129508018	2.67491078377	4	1	-14324.613782	True	8
433	1	0	0	1	0	25	2.18624	0.159256	0.408155918121	2.37168884277	2	1	-11765.63726	True	0
447	8	2	0	14	8	29	2.21449	0.159512	0.453490972519	2.53215193748	4	1	-12988.292079	True	8
607	8	1	1	8	6	28	13.518	0.0118808	0.812019109726	2.10474395752	3	1	-11060.878344	True	6
612	2	0	0	2	0	25	5.35205	0.091639	1.29264903069	2.71793198586	2	1	-14777.380207	True	0
625	6	4	0	23	10	30	-2.18667e-05	0.5012	1.16466188431	2.83969402313	3	1	-13003.106185	True	10
627	8	2	0	14	6	28	0.822705	0.272199	1.28304004669	2.43810009956	4	1	-12279.118004	True	6
700	2	0	0	2	0	25	0.544652	0.298218	0.476176977158	2.55697107315	2	1	-15626.477048	True	0
827	10	2	0	13	10	30	15.1426	0.0132875	0.467395067215	2.64574098587	4	1	-14189.024224	True	10
846	2	0	2	0	4	27	1.4298	0.222555	0.396376132965	2.41936302185	1	1	-15429.801152	True	4
920	5	3	0	19	8	29	0.00123169	0.489715	1.05690002441	2.21386408806	3	1	-11452.424719	True	8
986	2	4	0	22	8	29	0.873381	0.257726	0.804623126984	2.34295988083	2	1	-10823.784859	True	8
5	6	1	0	6	6	26	3.73819	0.102796	1.09506797791	1.77049517632	4	1	-11765.200156	True	6
9	2	3	0	20	6	26	-5.68814e-05	0.502296	0.414135932922	1.94468212128	2	1	-10582.202266	True	6
75	5	4	0	22	10	28	2.28202	0.152628	1.11287403107	2.5902941227	3	1	-12885.466503	True	10
80	2	1	1	4	2	24	2.5806e-08	0.499979	0.838587999344	1.50939202309	2	1	-9615.008342	True	2
110	6	2	0	12	8	27	9.31707	0.0247678	1.01629114151	2.12531304359	3	1	-11060.602582	True	8
158	5	3	0	15	8	27	1.83393	0.188152	0.434091806412	1.78988790512	3	1	-9354.67364	True	8
187	10	2	0	14	8	27	0.858015	0.326545	1.22795581818	2.28268718719	4	1	-11025.268328	True	8
307	7	2	0	12	6	26	0.934888	0.359693	0.98748588562	2.20617890358	3	1	-12707.525176	True	6
348	7	4	1	23	10	28	0.761783	0.284859	1.33687591553	2.04543304443	2	1	-13648.524391	True	10
423	8	1	0	8	6	26	0.351672	0.39592	1.40468406677	2.5522081852	3	1	-11297.858192	True	6
513	4	3	0	20	6	26	1.62552	0.19466	1.2244811058	2.45969009399	4	1	-12858.944573	True	6
597	10	2	0	13	10	28	4.64858	0.0777651	1.64879393578	2.26450300217	4	1	-11626.373487	True	10
599	8	1	0	9	6	26	13.7374	0.00571221	1.27917504311	2.50377893448	3	1	-14147.993851	True	6
661	2	0	0	2	0	23	0.522081	0.408746	0.36719083786	2.18996500969	2	1	-11755.925364	True	0
663	5	3	0	15	8	27	-2.19115e-08	0.500029	0.377502202988	2.13268685341	3	1	-10923.888406	True	8
784	8	1	2	6	4	25	3.26142	0.14586	0.419693946838	0.976051092148	3	1	-12198.423653	True	4
903	8	1	2	9	6	26	1.74305	0.18905	1.09459805489	2.36272621155	2	1	-13032.736426	True	6
997	5	1	3	6	2	24	0.565876	0.305932	1.29815196991	2.49197983742	3	1	-12072.476932	True	2
27	6	3	0	20	8	25	0.794665	0.265117	1.4072508812	2.01486897469	3	1	-10938.184772	True	8
254	7	3	0	20	8	25	-9.22207e-06	0.500847	1.68945193291	2.21905088425	3	1	-10555.823398	True	8
281	3	0	1	2	0	21	0.516276	0.446487	1.26498985291	1.36252713203	2	1	-12269.188457	True	0
420	2	0	0	2	0	21	-4.11746e-08	0.500041	2.11011600494	2.5532579422	3	1	-12172.284831	True	0
512	2	1	0	5	2	22	-0.00857489	0.502032	1.12800502777	2.49722886086	3	1	-11579.882796	True	2
660	3	0	0	3	0	21	1.22927	0.158886	1.13024997711	2.2131819725	2	1	-11840.526681	True	0
794	7	2	0	13	8	25	2.2676	0.285401	0.421402215958	0.936945915222	2	1	-12060.435805	True	8
35	1	0	0	1	0	19	-3.89991e-09	0.500008	0.994157075882	1.61732316017	2	1	-10665.2783	True	0
101	1	0	1	0	0	19	-3.92902e-10	0.500001	1.04944396019	1.65385484695	2	1	-9734.781534	True	0
144	5	3	1	15	8	23	0.543032	0.305172	1.56035780907	1.45509600639	2	1	-9692.846238	True	8
279	5	3	1	15	8	23	0.235899	0.380986	0.952460050583	1.20317292213	3	1	-8685.373607	True	8
428	8	1	0	8	6	22	0.917873	0.254402	1.12299990654	1.67333102226	2	1	-8823.547842	True	6
467	5	1	1	4	4	21	-0.000152301	0.503073	0.521859884262	2.27899122238	3	1	-9050.253105	True	4
692	5	2	1	9	6	22	0.407486	0.432433	0.373980045319	1.70276880264	2	1	-11537.800799	True	6
753	8	2	0	14	6	22	3.37002	0.0788997	1.11319494247	2.09336185455	2	1	-10642.489119	True	6
937	1	0	1	0	0	19	2.22999	0.153207	1.38105297089	1.87694406509	2	1	-10685.906705	True	0
49	4	3	0	15	8	21	0.458774	0.377991	1.00171303749	1.54801702499	3	1	-8755.472678	True	8
62	4	3	0	15	8	21	0.369912	0.344813	1.60988402367	0.994797945023	2	1	-7934.888046	True	8
105	2	3	1	15	6	20	-8.95125e-09	0.50001	0.916682004929	0.721050977707	1	1	-8747.138241	True	6
129	4	1	0	4	4	19	-0.000380337	0.505607	1.18925094604	1.33823204041	2	1	-10011.517965	True	4
180	0	3	0	12	6	20	-3.48226e-07	0.500147	1.47934389114	1.6410138607	2	1	-9085.088344	True	6
280	8	1	0	8	6	20	2.24458	0.151335	0.395881891251	0.941133022308	2	1	-9315.952043	True	6
322	0	3	0	12	6	20	-3.89919e-08	0.500051	1.39154195786	1.40835690498	2	1	-9183.735181	True	6
354	4	2	0	9	6	20	0.186237	0.383324	0.370258808136	1.40206408501	2	1	-9381.17266	True	6
381	4	3	0	15	8	21	0.537538	0.305053	1.16689991951	1.33501315117	3	1	-8430.317074	True	8
400	10	2	1	11	8	21	5.76575	0.0976043	0.936220884323	1.13523006439	3	1	-8008.668537	True	8
455	6	3	1	16	8	21	0.0582897	0.430237	1.07999897003	1.38524198532	2	1	-7924.893706	True	8
479	4	3	0	15	8	21	0.0329915	0.486548	0.505437135696	1.46032214165	2	1	-9683.474188	True	8
535	4	3	0	15	8	21	1.21871	0.229397	1.12099719048	1.72201013565	2	1	-8568.375033	True	8
616	4	3	0	15	8	21	0.134752	0.453117	0.42140007019	0.978090047836	3	1	-7373.734447	True	8
632	4	3	0	15	8	21	0.880324	0.253831	1.0845990181	1.19295096397	2	1	-9687.179951	True	8
724	0	0	0	0	0	17	-1.84536e-08	0.500028	0.427268981934	1.21250700951	1	1	-8325.641517	True	0
736	4	2	0	9	6	20	2.26852	0.156348	1.23986291885	3.65013003349	2	1	-6737.911238	True	6
742	6	2	1	11	6	20	1.64702	0.364876	0.374469995499	1.39848399162	2	1	-9512.130775	True	6
800	4	3	0	15	8	21	0.435352	0.325772	0.840991020203	1.12306594849	3	1	-8151.718617	True	8
814	4	2	0	9	6	20	5.55027	0.0596344	1.05109095573	1.24502706528	3	1	-8029.841498	True	6
835	0	4	0	18	8	21	0.541829	0.30438	1.37528610229	1.13600611687	2	1	-8566.403275	True	8
877	6	3	1	16	8	21	1.5397	0.245911	2.36841106415	0.587954044342	2	1	-6412.458721	True	8
951	4	1	0	4	4	19	1.73862	0.184292	0.486721992493	0.675492048264	3	1	-9759.296484	True	4
148	5	3	0	16	8	19	2.52392	0.136768	0.762317180634	0.99022102356	2	1	-7733.852359	True	8
405	5	1	1	4	4	17	2.27946	0.150348	1.1412320137	0.716229915619	3	1	-8307.973403	True	4
485	1	2	0	9	4	17	-7.31704e-06	0.500848	0.388744115829	1.28015613556	2	1	-8995.165108	True	4
787	1	1	1	3	2	16	-4.20187e-09	0.500011	1.08380293846	0.929337978363	1	1	-7756.704897	True	2
834	1	1	1	3	2	16	0.598804	0.298049	0.419647932053	0.843008041382	2	1	-7879.249095	True	2
911	1	0	1	0	0	15	1.147	0.241951	1.05425786972	0.50156712532	2	1	-8287.154897	True	0
58	0	1	0	3	2	14	1.0308	0.249606	0.924335956573	0.857748031616	2	1	-6401.651982	True	2
128	0	0	0	0	0	13	-1.72049e-08	0.500032	1.16830396652	1.04787492752	2	1	-7653.932084	True	0
309	0	1	0	3	2	14	0.279204	0.356865	0.384490013123	0.226145029068	2	1	-8423.134678	True	2
343	2	1	1	4	2	14	6.20548e-09	0.499988	1.75925779343	0.940984010696	2	1	-7150.735517	True	2
353	0	1	0	3	2	14	0.107297	0.449094	0.903146028519	0.636438131332	2	1	-7340.128968	True	2
376	2	0	0	2	0	13	2.5589	0.187635	1.21677899361	0.735155820847	3	1	-6834.406392	True	0
532	0	1	0	3	2	14	-1.97815e-09	0.500005	0.959858894348	0.691322088242	1	1	-7364.01708	True	2
699	0	1	0	3	2	14	3.75076e-09	0.499988	0.996766090393	0.709578037262	1	1	-6997.427869	True	2
762	0	0	0	0	0	13	-4.21478e-08	0.500035	1.26741981506	0.72431397438	2	1	-7679.346309	True	0
977	4	0	1	4	4	15	0.118165	0.406676	0.572360992432	0.497776031494	2	1	-6957.733451	True	4
40	1	1	0	4	2	12	1.32413	0.226163	1.15503382683	0.829599142075	2	1	-5959.191311	True	2
242	1	1	0	4	2	12	-1.50269e-07	0.500088	1.80576610565	0.440637111664	2	1	-6807.13514	True	2
450	3	1	1	5	2	12	-8.78754e-09	0.500018	1.41508483887	0.647244930267	2	1	-5319.97521	True	2
472	3	1	1	5	2	12	-3.27509e-09	0.500013	0.412974119186	0.304156064987	1	1	-5976.754838	True	2
987	1	1	0	4	2	12	1.95178e-09	0.499993	1.38768291473	0.354602098465	2	1	-5505.906328	True	2
